timestamp,price
2024-04-25 09:15:06,225.9
2024-04-25 09:15:47,226.75
2024-04-25 09:15:54,227.15
2024-04-25 09:15:59,227.1
2024-04-25 09:16:04,226.65
2024-04-25 09:16:10,227.1
2024-04-25 09:16:15,226.6
2024-04-25 09:16:21,226.6
2024-04-25 09:16:26,226.6
2024-04-25 09:16:32,226.65
2024-04-25 09:16:37,226.6
2024-04-25 09:16:43,226.6
2024-04-25 09:16:49,226.6
2024-04-25 09:16:54,227.45
2024-04-25 09:17:00,227.3
2024-04-25 09:17:05,226.75
2024-04-25 09:17:12,227.25
2024-04-25 09:17:19,227.05
2024-04-25 09:17:25,227.0
2024-04-25 09:17:30,227.0
2024-04-25 09:17:36,227.0
2024-04-25 09:17:44,227.0
2024-04-25 09:17:50,227.0
2024-04-25 09:17:56,227.0
2024-04-25 09:18:01,227.0
2024-04-25 09:18:06,227.0
2024-04-25 09:18:11,227.0
2024-04-25 09:18:16,227.0
2024-04-25 09:18:22,227.05
2024-04-25 09:18:27,227.05
2024-04-25 09:18:33,227.0
2024-04-25 09:18:39,227.0
2024-04-25 09:18:44,227.0
2024-04-25 09:18:49,226.75
2024-04-25 09:18:54,226.65
2024-04-25 09:18:59,226.95
2024-04-25 09:19:04,226.95
2024-04-25 09:19:09,226.95
2024-04-25 09:19:14,226.95
2024-04-25 09:19:19,226.8
2024-04-25 09:19:24,226.8
2024-04-25 09:19:29,226.8
2024-04-25 09:19:39,226.7
2024-04-25 09:20:14,226.75
2024-04-25 09:20:19,226.75
2024-04-25 09:20:24,226.75
2024-04-25 09:20:29,226.75
2024-04-25 09:20:39,227.2
2024-04-25 09:21:19,227.0
2024-04-25 09:21:24,227.0
2024-04-25 09:21:29,227.0
2024-04-25 09:21:38,227.55
2024-04-25 09:22:14,227.35
2024-04-25 09:22:19,227.35
2024-04-25 09:22:23,227.65
2024-04-25 09:22:28,227.35
2024-04-25 09:22:39,227.35
2024-04-25 09:22:45,227.35
2024-04-25 09:22:50,227.4
2024-04-25 09:22:54,227.4
2024-04-25 09:22:59,227.4
2024-04-25 09:23:03,227.4
2024-04-25 09:23:08,227.2
2024-04-25 09:23:14,227.15
2024-04-25 09:23:20,227.15
2024-04-25 09:23:25,227.45
2024-04-25 09:23:30,227.15
2024-04-25 09:24:12,227.35
2024-04-25 09:24:20,227.35
2024-04-25 09:24:29,227.65
2024-04-25 09:24:39,227.45
2024-04-25 09:24:43,227.45
2024-04-25 09:24:48,227.45
2024-04-25 09:24:52,227.45
2024-04-25 09:25:02,227.65
2024-04-25 09:25:06,227.45
2024-04-25 09:25:10,227.45
2024-04-25 09:25:46,226.65
2024-04-25 09:25:50,226.65
2024-04-25 09:25:55,226.65
2024-04-25 09:25:59,226.9
2024-04-25 09:26:04,226.9
2024-04-25 09:26:08,226.7
2024-04-25 09:26:44,227.2
2024-04-25 09:26:49,227.1
2024-04-25 09:26:53,227.1
2024-04-25 09:26:58,227.1
2024-04-25 09:27:02,227.1
2024-04-25 09:27:11,227.1
2024-04-25 09:27:16,227.1
2024-04-25 09:27:21,227.35
2024-04-25 09:27:26,227.35
2024-04-25 09:27:30,226.6
2024-04-25 09:27:35,226.5
2024-04-25 09:27:40,226.5
2024-04-25 09:27:44,226.5
2024-04-25 09:27:49,226.5
2024-04-25 09:27:53,227.0
2024-04-25 09:27:58,227.1
2024-04-25 09:28:02,227.05
2024-04-25 09:28:07,227.1
2024-04-25 09:28:16,227.1
2024-04-25 09:28:29,227.1
2024-04-25 09:28:34,227.1
2024-04-25 09:28:38,227.1
2024-04-25 09:28:43,227.1
2024-04-25 09:28:47,227.3
2024-04-25 09:28:52,227.0
2024-04-25 09:28:56,227.0
2024-04-25 09:29:01,227.0
2024-04-25 09:29:10,227.0
2024-04-25 09:29:19,227.0
2024-04-25 09:29:23,227.0
2024-04-25 09:29:27,226.9
2024-04-25 09:29:36,226.9
2024-04-25 09:29:41,226.9
2024-04-25 09:29:54,226.9
2024-04-25 09:30:08,227.1
2024-04-25 09:30:13,227.1
2024-04-25 09:30:17,227.1
2024-04-25 09:30:22,227.1
2024-04-25 09:30:27,227.1
2024-04-25 09:30:31,227.1
2024-04-25 09:30:36,227.1
2024-04-25 09:30:41,226.95
2024-04-25 09:31:13,226.9
2024-04-25 09:31:26,227.4
2024-04-25 09:31:31,227.05
2024-04-25 09:31:36,227.05
2024-04-25 09:31:41,227.05
2024-04-25 09:31:45,227.05
2024-04-25 09:31:50,227.05
2024-04-25 09:31:59,227.05
2024-04-25 09:32:03,227.05
2024-04-25 09:32:08,227.05
2024-04-25 09:32:12,227.05
2024-04-25 09:32:17,227.05
2024-04-25 09:32:21,227.05
2024-04-25 09:32:30,227.3
2024-04-25 09:32:35,227.05
2024-04-25 09:32:39,227.05
2024-04-25 09:33:19,227.05
2024-04-25 09:33:23,227.05
2024-04-25 09:33:28,227.05
2024-04-25 09:33:33,227.05
2024-04-25 09:33:37,227.05
2024-04-25 09:33:41,227.05
2024-04-25 09:33:46,227.05
2024-04-25 09:33:50,227.05
2024-04-25 09:33:55,227.05
2024-04-25 09:33:59,227.05
2024-04-25 09:34:12,227.05
2024-04-25 09:34:17,227.3
2024-04-25 09:34:26,227.05
2024-04-25 09:34:30,227.05
2024-04-25 09:34:35,227.05
2024-04-25 09:34:40,227.05
2024-04-25 09:34:53,227.3
2024-04-25 09:34:58,227.3
2024-04-25 09:35:03,227.3
2024-04-25 09:35:07,227.3
2024-04-25 09:35:12,227.3
2024-04-25 09:35:16,227.3
2024-04-25 09:35:25,227.3
2024-04-25 09:35:30,227.3
2024-04-25 09:35:34,227.3
2024-04-25 09:35:39,227.3
2024-04-25 09:35:43,227.65
2024-04-25 09:35:47,227.35
2024-04-25 09:35:52,227.35
2024-04-25 09:35:56,227.35
2024-04-25 09:36:00,227.35
2024-04-25 09:36:22,227.35
2024-04-25 09:36:26,227.35
2024-04-25 09:36:30,227.35
2024-04-25 09:36:34,227.35
2024-04-25 09:36:39,227.35
2024-04-25 09:36:43,227.65
2024-04-25 09:36:47,227.35
2024-04-25 09:36:52,227.65
2024-04-25 09:37:00,227.65
2024-04-25 09:37:04,227.35
2024-04-25 09:37:44,227.4
2024-04-25 09:37:49,227.4
2024-04-25 09:37:53,227.4
2024-04-25 09:37:58,227.4
2024-04-25 09:38:02,227.4
2024-04-25 09:38:06,227.4
2024-04-25 09:38:11,227.35
2024-04-25 09:38:16,227.35
2024-04-25 09:38:20,227.2
2024-04-25 09:38:24,227.15
2024-04-25 09:38:29,227.15
2024-04-25 09:38:38,227.15
2024-04-25 09:38:42,227.15
2024-04-25 09:38:46,227.15
2024-04-25 09:38:51,227.15
2024-04-25 09:38:55,227.15
2024-04-25 09:38:59,227.15
2024-04-25 09:39:03,227.5
2024-04-25 09:39:07,227.5
2024-04-25 09:39:11,227.2
2024-04-25 09:39:24,227.2
2024-04-25 09:39:46,227.2
2024-04-25 09:39:51,227.2
2024-04-25 09:39:59,227.2
2024-04-25 09:40:04,227.2
2024-04-25 09:40:12,227.2
2024-04-25 09:40:16,227.2
2024-04-25 09:40:30,227.2
2024-04-25 09:40:34,227.2
2024-04-25 09:40:38,227.2
2024-04-25 09:41:03,227.2
2024-04-25 09:41:08,227.6
2024-04-25 09:41:12,227.3
2024-04-25 09:41:16,227.3
2024-04-25 09:41:20,227.3
2024-04-25 09:41:25,227.3
2024-04-25 09:41:29,227.3
2024-04-25 09:41:37,227.3
2024-04-25 09:41:46,227.3
2024-04-25 09:41:54,227.3
2024-04-25 09:42:02,227.3
2024-04-25 09:42:07,227.3
2024-04-25 09:42:11,227.3
2024-04-25 09:42:15,227.3
2024-04-25 09:42:23,227.75
2024-04-25 09:42:28,227.55
2024-04-25 09:42:32,227.5
2024-04-25 09:42:36,227.4
2024-04-25 09:42:40,227.35
2024-04-25 09:42:45,227.35
2024-04-25 09:42:49,227.35
2024-04-25 09:42:53,227.35
2024-04-25 09:42:57,227.35
2024-04-25 09:43:01,227.35
2024-04-25 09:43:05,227.35
2024-04-25 09:43:09,227.7
2024-04-25 09:43:14,227.4
2024-04-25 09:43:18,227.4
2024-04-25 09:43:22,227.4
2024-04-25 09:43:26,227.4
2024-04-25 09:43:30,227.4
2024-04-25 09:43:34,227.4
2024-04-25 09:43:38,227.7
2024-04-25 09:44:32,227.2
2024-04-25 09:44:36,227.2
2024-04-25 09:44:57,227.2
2024-04-25 09:45:17,227.5
2024-04-25 09:45:21,227.5
2024-04-25 09:45:25,227.2
2024-04-25 09:45:29,227.5
2024-04-25 09:45:33,227.5
2024-04-25 09:45:38,227.5
2024-04-25 09:45:42,227.5
2024-04-25 09:45:46,227.5
2024-04-25 09:45:54,227.5
2024-04-25 09:45:58,227.5
2024-04-25 09:46:06,227.5
2024-04-25 09:46:10,227.5
2024-04-25 09:46:31,227.55
2024-04-25 09:46:39,227.5
2024-04-25 09:47:15,227.2
2024-04-25 09:47:20,227.15
2024-04-25 09:47:24,227.15
2024-04-25 09:47:32,227.15
2024-04-25 09:47:48,227.05
2024-04-25 09:47:52,227.05
2024-04-25 09:47:56,227.15
2024-04-25 09:48:00,227.15
2024-04-25 09:48:03,227.15
2024-04-25 09:48:12,227.15
2024-04-25 09:48:16,227.15
2024-04-25 09:48:20,227.15
2024-04-25 09:48:28,227.15
2024-04-25 09:48:32,227.15
2024-04-25 09:48:36,227.15
2024-04-25 09:48:48,227.15
2024-04-25 09:48:52,227.15
2024-04-25 09:48:56,227.15
2024-04-25 09:49:00,227.15
2024-04-25 09:49:04,227.2
2024-04-25 09:49:12,227.2
2024-04-25 09:49:20,227.2
2024-04-25 09:49:32,227.2
2024-04-25 09:49:51,227.2
2024-04-25 09:50:11,227.2
2024-04-25 09:50:22,227.2
2024-04-25 09:50:30,227.2
2024-04-25 09:50:38,227.2
2024-04-25 09:51:21,227.2
2024-04-25 09:51:37,227.2
2024-04-25 09:51:41,227.4
2024-04-25 09:52:15,227.2
2024-04-25 09:52:19,227.2
2024-04-25 09:52:23,227.2
2024-04-25 09:52:32,227.2
2024-04-25 09:52:40,227.15
2024-04-25 09:52:48,227.15
2024-04-25 09:52:52,226.85
2024-04-25 09:52:56,226.85
2024-04-25 09:53:00,226.8
2024-04-25 09:53:05,226.8
2024-04-25 09:53:09,227.0
2024-04-25 09:53:16,226.8
2024-04-25 09:53:20,226.8
2024-04-25 09:53:23,226.8
2024-04-25 09:53:27,226.8
2024-04-25 09:53:31,227.1
2024-04-25 09:53:35,227.1
2024-04-25 09:53:39,227.1
2024-04-25 09:53:50,227.1
2024-04-25 09:53:58,227.1
2024-04-25 09:54:06,227.1
2024-04-25 09:54:09,227.1
2024-04-25 09:54:22,227.1
2024-04-25 09:54:26,227.05
2024-04-25 09:54:30,227.05
2024-04-25 09:54:35,227.05
2024-04-25 09:54:55,227.0
2024-04-25 09:54:59,227.0
2024-04-25 09:55:03,227.05
2024-04-25 09:55:07,227.05
2024-04-25 09:55:12,227.05
2024-04-25 09:55:16,227.05
2024-04-25 09:55:20,227.05
2024-04-25 09:55:28,227.05
2024-04-25 09:55:32,227.05
2024-04-25 09:55:36,227.05
2024-04-25 09:55:40,227.05
2024-04-25 09:55:44,227.05
2024-04-25 09:56:08,227.05
2024-04-25 09:56:58,227.05
2024-04-25 09:57:02,227.05
2024-04-25 09:57:10,227.05
2024-04-25 09:57:38,227.05
2024-04-25 09:57:46,227.05
2024-04-25 09:57:50,227.05
2024-04-25 09:58:02,227.05
2024-04-25 09:58:09,227.05
2024-04-25 09:58:14,227.05
2024-04-25 09:58:17,227.05
2024-04-25 09:58:33,227.05
2024-04-25 09:59:08,227.05
2024-04-25 09:59:24,227.05
2024-04-25 09:59:27,227.05
2024-04-25 09:59:31,227.05
2024-04-25 09:59:35,227.05
2024-04-25 09:59:59,227.3
2024-04-25 10:00:07,227.3
2024-04-25 10:00:15,227.05
2024-04-25 10:00:18,227.05
2024-04-25 10:00:41,227.05
2024-04-25 10:01:15,227.4
2024-04-25 10:01:19,226.9
2024-04-25 10:01:23,226.9
2024-04-25 10:01:28,227.0
2024-04-25 10:01:39,227.0
2024-04-25 10:01:51,227.0
2024-04-25 10:02:02,227.0
2024-04-25 10:02:06,227.0
2024-04-25 10:02:45,226.5
2024-04-25 10:02:48,226.5
2024-04-25 10:03:03,226.5
2024-04-25 10:03:07,226.8
2024-04-25 10:03:10,226.8
2024-04-25 10:03:43,226.9
2024-04-25 10:03:47,226.9
2024-04-25 10:04:05,226.9
2024-04-25 10:04:09,226.9
2024-04-25 10:04:54,227.0
2024-04-25 10:04:57,227.0
2024-04-25 10:05:08,227.0
2024-04-25 10:05:59,227.0
2024-04-25 10:06:07,226.95
2024-04-25 10:07:03,227.0
2024-04-25 10:07:06,227.0
2024-04-25 10:07:10,227.0
2024-04-25 10:07:43,227.0
2024-04-25 10:07:48,227.0
2024-04-25 10:08:02,227.0
2024-04-25 10:08:45,226.85
2024-04-25 10:08:49,226.8
2024-04-25 10:09:00,227.0
2024-04-25 10:09:08,227.0
2024-04-25 10:09:12,227.0
2024-04-25 10:10:31,227.0
2024-04-25 10:10:35,227.0
2024-04-25 10:11:14,227.0
2024-04-25 10:11:33,227.0
2024-04-25 10:12:26,227.0
2024-04-25 10:12:30,227.0
2024-04-25 10:12:34,227.0
2024-04-25 10:12:48,227.0
2024-04-25 10:12:52,227.0
2024-04-25 10:13:03,227.0
2024-04-25 10:13:07,227.0
2024-04-25 10:13:18,227.0
2024-04-25 10:13:22,227.0
2024-04-25 10:13:29,227.0
2024-04-25 10:13:36,227.0
2024-04-25 10:14:13,227.0
2024-04-25 10:14:24,227.0
2024-04-25 10:15:18,226.8
2024-04-25 10:15:25,226.8
2024-04-25 10:15:29,226.8
2024-04-25 10:15:32,226.8
2024-04-25 10:15:39,226.8
2024-04-25 10:16:16,226.7
2024-04-25 10:16:19,226.6
2024-04-25 10:16:30,226.6
2024-04-25 10:16:34,226.6
2024-04-25 10:16:37,226.6
2024-04-25 10:17:15,226.6
2024-04-25 10:17:22,226.75
2024-04-25 10:17:26,226.6
2024-04-25 10:17:29,226.6
2024-04-25 10:17:36,226.8
2024-04-25 10:18:26,226.75
2024-04-25 10:18:37,226.75
2024-04-25 10:20:55,226.95
2024-04-25 10:20:59,226.75
2024-04-25 10:21:09,226.75
2024-04-25 10:21:13,226.95
2024-04-25 10:21:16,226.95
2024-04-25 10:21:20,226.8
2024-04-25 10:21:30,226.8
2024-04-25 10:21:34,226.75
2024-04-25 10:21:37,226.75
2024-04-25 10:21:41,226.75
2024-04-25 10:21:48,226.75
2024-04-25 10:21:51,226.75
2024-04-25 10:21:55,226.75
2024-04-25 10:21:58,226.75
2024-04-25 10:22:05,226.75
2024-04-25 10:22:16,226.75
2024-04-25 10:22:19,226.75
2024-04-25 10:22:23,226.75
2024-04-25 10:22:26,226.75
2024-04-25 10:22:30,226.75
2024-04-25 10:22:33,226.75
2024-04-25 10:22:37,226.95
2024-04-25 10:22:40,226.75
2024-04-25 10:22:44,226.75
2024-04-25 10:22:47,226.75
2024-04-25 10:22:51,226.75
2024-04-25 10:23:01,226.75
2024-04-25 10:23:12,227.0
2024-04-25 10:23:15,226.7
2024-04-25 10:23:19,226.7
2024-04-25 10:23:33,226.7
2024-04-25 10:23:37,226.7
2024-04-25 10:24:18,226.7
2024-04-25 10:24:22,226.7
2024-04-25 10:24:32,226.7
2024-04-25 10:24:35,226.7
2024-04-25 10:24:39,226.7
2024-04-25 10:25:24,226.6
2024-04-25 10:25:28,226.6
2024-04-25 10:25:31,226.55
2024-04-25 10:25:35,226.55
2024-04-25 10:25:42,226.55
2024-04-25 10:25:45,226.55
2024-04-25 10:25:53,226.55
2024-04-25 10:25:56,226.55
2024-04-25 10:25:59,226.55
2024-04-25 10:26:03,226.55
2024-04-25 10:26:06,226.55
2024-04-25 10:26:54,226.65
2024-04-25 10:26:58,226.65
2024-04-25 10:27:01,226.7
2024-04-25 10:27:05,226.7
2024-04-25 10:27:52,226.55
2024-04-25 10:28:06,226.55
2024-04-25 10:28:09,226.55
2024-04-25 10:28:51,226.55
2024-04-25 10:28:54,226.55
2024-04-25 10:28:58,226.55
2024-04-25 10:29:04,226.55
2024-04-25 10:29:07,226.55
2024-04-25 10:29:42,226.55
2024-04-25 10:29:46,226.55
2024-04-25 10:29:53,226.55
2024-04-25 10:29:56,226.85
2024-04-25 10:29:59,226.65
2024-04-25 10:30:03,226.65
2024-04-25 10:30:07,226.9
2024-04-25 10:30:11,226.9
2024-04-25 10:30:14,226.6
2024-04-25 10:30:18,226.95
2024-04-25 10:30:26,226.8
2024-04-25 10:30:39,226.75
2024-04-25 10:30:43,226.75
2024-04-25 10:30:46,226.75
2024-04-25 10:30:57,226.65
2024-04-25 10:31:00,226.65
2024-04-25 10:31:04,226.65
2024-04-25 10:31:08,226.65
2024-04-25 10:31:46,226.65
2024-04-25 10:31:50,226.65
2024-04-25 10:31:57,226.65
2024-04-25 10:32:01,226.65
2024-04-25 10:32:04,226.65
2024-04-25 10:32:08,226.65
2024-04-25 10:33:07,226.55
2024-04-25 10:33:21,226.55
2024-04-25 10:33:37,226.55
2024-04-25 10:33:41,226.55
2024-04-25 10:34:18,226.55
2024-04-25 10:34:35,226.55
2024-04-25 10:34:39,226.55
2024-04-25 10:34:42,226.55
2024-04-25 10:35:26,226.8
2024-04-25 10:35:29,226.65
2024-04-25 10:35:33,226.65
2024-04-25 10:35:40,226.65
2024-04-25 10:36:19,226.85
2024-04-25 10:37:14,226.85
2024-04-25 10:37:17,226.7
2024-04-25 10:37:21,226.7
2024-04-25 10:37:28,226.7
2024-04-25 10:38:14,226.65
2024-04-25 10:38:27,226.55
2024-04-25 10:38:37,226.5
2024-04-25 10:39:14,226.5
2024-04-25 10:39:21,226.8
2024-04-25 10:39:27,226.75
2024-04-25 10:39:38,226.85
2024-04-25 10:39:41,226.6
2024-04-25 10:40:19,226.6
2024-04-25 10:40:34,226.6
2024-04-25 10:41:34,226.6
2024-04-25 10:41:38,226.5
2024-04-25 10:42:20,226.5
2024-04-25 10:42:23,226.5
2024-04-25 10:42:41,226.5
2024-04-25 10:43:05,226.5
2024-04-25 10:43:54,226.5
2024-04-25 10:44:02,226.5
2024-04-25 10:44:06,226.5
2024-04-25 10:44:10,226.5
2024-04-25 10:44:45,226.5
2024-04-25 10:44:56,226.5
2024-04-25 10:45:06,226.65
2024-04-25 10:45:10,226.5
2024-04-25 10:45:13,226.65
2024-04-25 10:45:27,226.65
2024-04-25 10:45:31,226.65
2024-04-25 10:45:34,226.65
2024-04-25 10:45:41,226.65
2024-04-25 10:46:23,226.5
2024-04-25 10:46:30,226.5
2024-04-25 10:46:34,226.5
2024-04-25 10:47:20,226.65
2024-04-25 10:47:27,226.5
2024-04-25 10:48:40,226.65
2024-04-25 10:49:24,226.65
2024-04-25 10:50:29,226.65
2024-04-25 10:51:12,226.5
2024-04-25 10:51:17,226.5
2024-04-25 10:51:21,226.4
2024-04-25 10:51:25,226.35
2024-04-25 10:51:29,226.25
2024-04-25 10:51:37,226.25
2024-04-25 10:52:14,226.25
2024-04-25 10:52:21,226.25
2024-04-25 10:52:25,226.25
2024-04-25 10:52:29,226.25
2024-04-25 10:52:37,226.25
2024-04-25 10:52:40,226.25
2024-04-25 10:53:14,226.15
2024-04-25 10:53:29,226.15
2024-04-25 10:53:40,226.15
2024-04-25 10:53:55,226.15
2024-04-25 10:53:59,226.15
2024-04-25 10:54:02,226.15
2024-04-25 10:54:06,226.55
2024-04-25 10:54:10,226.55
2024-04-25 10:54:13,226.55
2024-04-25 10:54:17,226.15
2024-04-25 10:54:24,226.15
2024-04-25 10:54:42,226.15
2024-04-25 10:55:11,226.15
2024-04-25 10:55:29,226.15
2024-04-25 10:55:40,226.15
2024-04-25 10:56:44,226.45
2024-04-25 10:57:09,226.45
2024-04-25 10:57:12,226.15
2024-04-25 10:57:16,226.1
2024-04-25 10:57:22,226.1
2024-04-25 10:57:26,226.1
2024-04-25 10:57:29,226.1
2024-04-25 10:57:53,226.1
2024-04-25 10:58:00,226.1
2024-04-25 10:58:11,226.1
2024-04-25 11:00:22,226.4
2024-04-25 11:00:35,226.4
2024-04-25 11:00:38,226.4
2024-04-25 11:01:12,226.4
2024-04-25 11:01:19,226.4
2024-04-25 11:01:22,226.4
2024-04-25 11:01:32,226.4
2024-04-25 11:01:35,226.4
2024-04-25 11:01:41,226.4
2024-04-25 11:02:22,226.4
2024-04-25 11:02:24,226.4
2024-04-25 11:02:34,226.4
2024-04-25 11:03:34,226.6
2024-04-25 11:03:41,226.6
2024-04-25 11:04:17,226.25
2024-04-25 11:04:20,226.2
2024-04-25 11:04:23,226.2
2024-04-25 11:05:24,226.2
2024-04-25 11:05:31,226.2
2024-04-25 11:05:34,226.2
2024-04-25 11:05:37,226.2
2024-04-25 11:05:40,226.2
2024-04-25 11:06:19,226.2
2024-04-25 11:06:32,226.2
2024-04-25 11:07:00,226.2
2024-04-25 11:07:03,226.2
2024-04-25 11:07:19,226.2
2024-04-25 11:07:26,226.2
2024-04-25 11:07:29,226.2
2024-04-25 11:08:16,226.5
2024-04-25 11:08:23,226.5
2024-04-25 11:08:31,226.5
2024-04-25 11:08:48,226.5
2024-04-25 11:09:05,226.5
2024-04-25 11:09:46,226.65
2024-04-25 11:09:49,226.65
2024-04-25 11:09:53,226.85
2024-04-25 11:09:56,226.85
2024-04-25 11:09:59,226.8
2024-04-25 11:10:06,226.8
2024-04-25 11:10:09,226.8
2024-04-25 11:10:57,226.75
2024-04-25 11:11:06,226.75
2024-04-25 11:11:44,226.75
2024-04-25 11:11:54,226.75
2024-04-25 11:12:11,226.75
2024-04-25 11:12:21,226.75
2024-04-25 11:12:25,226.8
2024-04-25 11:12:28,226.8
2024-04-25 11:12:32,226.8
2024-04-25 11:12:35,226.8
2024-04-25 11:12:39,226.8
2024-04-25 11:12:43,226.8
2024-04-25 11:12:50,226.8
2024-04-25 11:12:57,226.8
2024-04-25 11:13:00,226.8
2024-04-25 11:13:03,226.8
2024-04-25 11:13:07,226.8
2024-04-25 11:13:10,226.8
2024-04-25 11:13:20,226.8
2024-04-25 11:13:26,226.8
2024-04-25 11:13:30,226.9
2024-04-25 11:13:37,226.75
2024-04-25 11:13:44,226.75
2024-04-25 11:13:48,226.75
2024-04-25 11:14:08,226.75
2024-04-25 11:14:24,226.75
2024-04-25 11:15:16,226.75
2024-04-25 11:15:26,226.75
2024-04-25 11:15:29,226.75
2024-04-25 11:15:32,226.75
2024-04-25 11:15:36,226.75
2024-04-25 11:16:13,226.75
2024-04-25 11:16:16,226.75
2024-04-25 11:16:19,226.75
2024-04-25 11:16:37,226.75
2024-04-25 11:16:46,226.75
2024-04-25 11:17:17,226.75
2024-04-25 11:17:20,226.75
2024-04-25 11:17:23,226.75
2024-04-25 11:17:26,226.75
2024-04-25 11:17:29,226.75
2024-04-25 11:17:36,226.75
2024-04-25 11:17:39,226.75
2024-04-25 11:17:43,226.75
2024-04-25 11:17:46,226.75
2024-04-25 11:17:49,226.75
2024-04-25 11:18:06,226.75
2024-04-25 11:18:10,226.75
2024-04-25 11:18:16,226.75
2024-04-25 11:18:19,226.75
2024-04-25 11:18:22,226.75
2024-04-25 11:18:28,226.75
2024-04-25 11:18:31,226.75
2024-04-25 11:18:34,226.75
2024-04-25 11:18:38,226.75
2024-04-25 11:18:44,226.75
2024-04-25 11:18:58,226.7
2024-04-25 11:19:01,226.7
2024-04-25 11:19:05,226.75
2024-04-25 11:19:08,226.75
2024-04-25 11:19:11,226.75
2024-04-25 11:19:57,226.75
2024-04-25 11:20:14,226.75
2024-04-25 11:20:17,226.75
2024-04-25 11:20:30,226.75
2024-04-25 11:20:36,226.65
2024-04-25 11:20:43,226.65
2024-04-25 11:21:03,226.65
2024-04-25 11:21:11,226.65
2024-04-25 11:21:53,226.65
2024-04-25 11:22:10,226.65
2024-04-25 11:22:14,226.65
2024-04-25 11:22:25,226.65
2024-04-25 11:22:39,226.75
2024-04-25 11:22:46,226.65
2024-04-25 11:22:50,226.65
2024-04-25 11:23:03,226.65
2024-04-25 11:23:07,226.65
2024-04-25 11:23:10,226.75
2024-04-25 11:23:43,226.75
2024-04-25 11:23:52,226.75
2024-04-25 11:23:55,226.75
2024-04-25 11:24:01,226.75
2024-04-25 11:24:10,226.35
2024-04-25 11:24:13,226.3
2024-04-25 11:24:17,226.2
2024-04-25 11:24:20,226.2
2024-04-25 11:24:32,226.2
2024-04-25 11:24:42,226.2
2024-04-25 11:25:13,226.2
2024-04-25 11:25:16,226.55
2024-04-25 11:25:19,226.55
2024-04-25 11:25:22,226.2
2024-04-25 11:25:29,226.2
2024-04-25 11:25:32,226.2
2024-04-25 11:25:39,226.2
2024-04-25 11:26:01,226.2
2024-04-25 11:27:30,226.2
2024-04-25 11:27:49,226.2
2024-04-25 11:27:58,226.2
2024-04-25 11:28:05,226.2
2024-04-25 11:28:43,226.2
2024-04-25 11:28:46,226.2
2024-04-25 11:29:09,226.2
2024-04-25 11:29:12,226.2
2024-04-25 11:29:53,226.4
2024-04-25 11:29:56,226.4
2024-04-25 11:29:59,226.25
2024-04-25 11:30:13,226.25
2024-04-25 11:30:55,226.25
2024-04-25 11:31:43,226.25
2024-04-25 11:32:03,226.25
2024-04-25 11:32:06,226.25
2024-04-25 11:32:45,226.25
2024-04-25 11:32:54,226.55
2024-04-25 11:32:57,226.25
2024-04-25 11:33:07,226.25
2024-04-25 11:34:09,226.25
2024-04-25 11:34:44,226.25
2024-04-25 11:34:52,226.25
2024-04-25 11:35:07,226.25
2024-04-25 11:35:46,226.65
2024-04-25 11:35:58,226.65
2024-04-25 11:36:58,226.65
2024-04-25 11:37:46,226.4
2024-04-25 11:37:49,226.4
2024-04-25 11:37:52,226.4
2024-04-25 11:38:12,226.4
2024-04-25 11:38:49,226.4
2024-04-25 11:38:52,226.4
2024-04-25 11:39:01,226.4
2024-04-25 11:39:04,226.4
2024-04-25 11:39:48,226.4
2024-04-25 11:39:51,226.4
2024-04-25 11:39:55,226.4
2024-04-25 11:40:04,226.4
2024-04-25 11:40:07,226.4
2024-04-25 11:40:45,226.4
2024-04-25 11:40:51,226.4
2024-04-25 11:40:54,226.4
2024-04-25 11:41:05,226.4
2024-04-25 11:41:48,226.4
2024-04-25 11:41:52,226.4
2024-04-25 11:41:55,226.3
2024-04-25 11:42:01,226.3
2024-04-25 11:42:56,226.1
2024-04-25 11:43:05,226.1
2024-04-25 11:43:44,226.45
2024-04-25 11:44:02,226.45
2024-04-25 11:44:52,226.5
2024-04-25 11:44:55,226.5
2024-04-25 11:45:59,226.55
2024-04-25 11:46:02,226.75
2024-04-25 11:46:05,226.55
2024-04-25 11:46:09,226.55
2024-04-25 11:46:12,226.55
2024-04-25 11:46:56,226.55
2024-04-25 11:47:12,226.55
2024-04-25 11:47:24,226.55
2024-04-25 11:47:27,226.55
2024-04-25 11:47:30,226.55
2024-04-25 11:47:54,226.55
2024-04-25 11:48:52,226.55
2024-04-25 11:49:00,226.85
2024-04-25 11:49:04,226.65
2024-04-25 11:49:07,226.65
2024-04-25 11:49:10,226.65
2024-04-25 11:49:46,226.7
2024-04-25 11:49:55,226.7
2024-04-25 11:50:10,226.7
2024-04-25 11:50:13,226.7
2024-04-25 11:51:00,226.95
2024-04-25 11:51:03,226.6
2024-04-25 11:51:05,226.6
2024-04-25 11:51:08,226.6
2024-04-25 11:52:44,228.15
2024-04-25 11:52:48,228.3
2024-04-25 11:52:51,228.6
2024-04-25 11:52:53,228.6
2024-04-25 11:52:56,228.6
2024-04-25 11:53:09,228.6
2024-04-25 11:53:12,228.6
2024-04-25 11:53:51,228.4
2024-04-25 11:53:53,228.4
2024-04-25 11:53:56,228.4
2024-04-25 11:53:59,228.4
2024-04-25 11:54:05,228.4
2024-04-25 11:54:08,228.4
2024-04-25 11:54:44,228.4
2024-04-25 11:54:56,228.4
2024-04-25 11:55:14,228.0
2024-04-25 11:55:17,228.0
2024-04-25 11:55:26,228.0
2024-04-25 11:55:29,228.0
2024-04-25 11:55:35,228.0
2024-04-25 11:56:20,228.05
2024-04-25 11:56:32,228.05
2024-04-25 11:57:18,228.0
2024-04-25 11:57:20,228.0
2024-04-25 11:57:29,228.0
2024-04-25 11:58:16,227.75
2024-04-25 11:58:25,227.75
2024-04-25 11:58:34,227.75
2024-04-25 11:58:40,227.75
2024-04-25 11:58:43,227.75
2024-04-25 11:58:46,227.75
2024-04-25 11:59:03,227.75
2024-04-25 11:59:09,227.75
2024-04-25 11:59:53,227.7
2024-04-25 11:59:56,227.85
2024-04-25 11:59:59,227.85
2024-04-25 12:00:05,227.85
2024-04-25 12:00:14,227.85
2024-04-25 12:00:16,227.85
2024-04-25 12:00:26,227.9
2024-04-25 12:00:29,227.9
2024-04-25 12:00:32,227.8
2024-04-25 12:00:41,227.75
2024-04-25 12:01:33,227.75
2024-04-25 12:01:36,227.75
2024-04-25 12:01:42,227.75
2024-04-25 12:02:22,227.35
2024-04-25 12:02:33,227.35
2024-04-25 12:02:36,227.35
2024-04-25 12:03:39,227.7
2024-04-25 12:03:48,227.3
2024-04-25 12:04:19,227.3
2024-04-25 12:04:23,227.3
2024-04-25 12:04:26,227.3
2024-04-25 12:04:30,227.3
2024-04-25 12:04:33,227.5
2024-04-25 12:04:42,227.15
2024-04-25 12:05:21,227.15
2024-04-25 12:05:27,227.15
2024-04-25 12:05:30,227.15
2024-04-25 12:05:40,227.15
2024-04-25 12:06:25,227.6
2024-04-25 12:06:28,227.6
2024-04-25 12:06:31,227.2
2024-04-25 12:06:34,227.2
2024-04-25 12:06:38,227.15
2024-04-25 12:06:41,227.15
2024-04-25 12:07:17,227.2
2024-04-25 12:07:23,227.2
2024-04-25 12:07:26,227.2
2024-04-25 12:07:29,227.2
2024-04-25 12:07:33,227.2
2024-04-25 12:07:39,227.2
2024-04-25 12:07:43,227.2
2024-04-25 12:07:46,227.25
2024-04-25 12:07:49,227.25
2024-04-25 12:07:52,227.25
2024-04-25 12:07:55,227.25
2024-04-25 12:08:01,227.25
2024-04-25 12:08:04,227.25
2024-04-25 12:08:11,227.25
2024-04-25 12:08:56,227.25
2024-04-25 12:09:09,227.25
2024-04-25 12:09:15,227.25
2024-04-25 12:09:21,227.25
2024-04-25 12:09:24,227.25
2024-04-25 12:10:10,227.45
2024-04-25 12:10:47,227.25
2024-04-25 12:11:43,227.25
2024-04-25 12:11:46,227.45
2024-04-25 12:11:49,227.45
2024-04-25 12:11:52,227.45
2024-04-25 12:11:58,227.45
2024-04-25 12:12:04,227.6
2024-04-25 12:12:07,227.6
2024-04-25 12:12:10,227.6
2024-04-25 12:12:45,227.45
2024-04-25 12:12:57,227.45
2024-04-25 12:13:09,227.45
2024-04-25 12:13:45,227.35
2024-04-25 12:13:51,227.35
2024-04-25 12:14:12,227.35
2024-04-25 12:15:02,227.35
2024-04-25 12:15:12,227.6
2024-04-25 12:15:52,227.6
2024-04-25 12:15:59,227.6
2024-04-25 12:16:02,227.6
2024-04-25 12:16:08,227.6
2024-04-25 12:16:50,227.35
2024-04-25 12:16:53,227.35
2024-04-25 12:16:56,227.3
2024-04-25 12:16:59,227.3
2024-04-25 12:17:59,227.55
2024-04-25 12:19:53,227.55
2024-04-25 12:19:56,227.55
2024-04-25 12:20:02,227.35
2024-04-25 12:20:08,227.35
2024-04-25 12:21:21,227.3
2024-04-25 12:21:24,227.25
2024-04-25 12:21:27,227.25
2024-04-25 12:22:23,227.25
2024-04-25 12:23:28,227.4
2024-04-25 12:23:31,227.4
2024-04-25 12:23:34,227.4
2024-04-25 12:23:37,227.7
2024-04-25 12:24:18,227.3
2024-04-25 12:24:24,227.3
2024-04-25 12:24:27,227.3
2024-04-25 12:24:30,227.3
2024-04-25 12:24:33,227.3
2024-04-25 12:25:14,226.6
2024-04-25 12:25:25,226.6
2024-04-25 12:25:31,226.6
2024-04-25 12:25:34,226.6
2024-04-25 12:25:40,226.6
2024-04-25 12:25:51,226.6
2024-04-25 12:26:54,226.6
2024-04-25 12:27:02,226.6
2024-04-25 12:27:08,226.6
2024-04-25 12:27:12,226.6
2024-04-25 12:28:00,226.6
2024-04-25 12:28:09,226.75
2024-04-25 12:28:12,226.75
2024-04-25 12:28:44,226.75
2024-04-25 12:28:47,226.75
2024-04-25 12:28:55,226.75
2024-04-25 12:29:04,226.75
2024-04-25 12:29:07,226.75
2024-04-25 12:29:44,226.6
2024-04-25 12:29:50,226.6
2024-04-25 12:29:53,226.6
2024-04-25 12:30:05,226.6
2024-04-25 12:30:08,226.6
2024-04-25 12:30:49,226.6
2024-04-25 12:30:52,226.6
2024-04-25 12:31:01,226.6
2024-04-25 12:31:03,226.6
2024-04-25 12:31:09,226.6
2024-04-25 12:31:12,226.6
2024-04-25 12:31:46,226.6
2024-04-25 12:32:56,226.9
2024-04-25 12:32:59,226.6
2024-04-25 12:33:08,226.6
2024-04-25 12:33:12,226.6
2024-04-25 12:33:23,226.6
2024-04-25 12:33:53,226.6
2024-04-25 12:34:11,226.6
2024-04-25 12:34:51,226.6
2024-04-25 12:34:55,226.6
2024-04-25 12:35:58,226.65
2024-04-25 12:36:07,226.65
2024-04-25 12:36:19,226.9
2024-04-25 12:36:25,226.9
2024-04-25 12:36:34,226.9
2024-04-25 12:36:39,226.9
2024-04-25 12:36:42,226.5
2024-04-25 12:37:18,226.4
2024-04-25 12:37:29,226.4
2024-04-25 12:37:32,226.7
2024-04-25 12:37:35,226.7
2024-04-25 12:37:38,226.7
2024-04-25 12:38:24,226.7
2024-04-25 12:38:27,226.7
2024-04-25 12:38:34,226.7
2024-04-25 12:38:36,226.5
2024-04-25 12:38:42,226.4
2024-04-25 12:39:15,226.4
2024-04-25 12:39:34,226.4
2024-04-25 12:39:37,226.4
2024-04-25 12:39:41,226.4
2024-04-25 12:41:16,226.5
2024-04-25 12:41:19,226.5
2024-04-25 12:41:24,226.4
2024-04-25 12:41:30,226.4
2024-04-25 12:41:53,226.4
2024-04-25 12:41:56,226.4
2024-04-25 12:41:59,226.4
2024-04-25 12:42:04,226.4
2024-04-25 12:42:45,226.5
2024-04-25 12:43:04,226.5
2024-04-25 12:43:06,226.5
2024-04-25 12:44:12,226.5
2024-04-25 12:44:20,226.5
2024-04-25 12:44:36,226.5
2024-04-25 12:44:43,226.4
2024-04-25 12:44:52,226.4
2024-04-25 12:45:08,226.4
2024-04-25 12:45:38,226.4
2024-04-25 12:45:44,226.4
2024-04-25 12:47:21,226.4
2024-04-25 12:47:24,226.4
2024-04-25 12:48:21,226.4
2024-04-25 12:48:42,226.35
2024-04-25 12:48:51,226.35
2024-04-25 12:48:54,226.35
2024-04-25 12:49:26,226.35
2024-04-25 12:49:29,226.35
2024-04-25 12:49:32,226.35
2024-04-25 12:49:34,226.35
2024-04-25 12:49:38,226.35
2024-04-25 12:49:49,226.35
2024-04-25 12:50:25,226.35
2024-04-25 12:50:30,226.5
2024-04-25 12:50:33,226.5
2024-04-25 12:50:48,226.5
2024-04-25 12:50:56,226.25
2024-04-25 12:51:10,226.25
2024-04-25 12:51:13,226.25
2024-04-25 12:51:34,226.25
2024-04-25 12:51:48,226.25
2024-04-25 12:51:51,226.25
2024-04-25 12:51:59,226.25
2024-04-25 12:52:48,226.25
2024-04-25 12:52:54,226.25
2024-04-25 12:53:09,226.25
2024-04-25 12:53:12,226.25
2024-04-25 12:53:21,226.25
2024-04-25 12:53:24,226.25
2024-04-25 12:53:31,226.5
2024-04-25 12:53:39,226.5
2024-04-25 12:54:03,226.5
2024-04-25 12:54:17,226.5
2024-04-25 12:54:19,226.5
2024-04-25 12:54:28,226.5
2024-04-25 12:54:36,226.35
2024-04-25 12:54:39,226.3
2024-04-25 12:55:25,226.1
2024-04-25 12:55:34,226.1
2024-04-25 12:57:32,226.5
2024-04-25 12:58:21,226.5
2024-04-25 12:59:28,226.25
2024-04-25 12:59:31,226.5
2024-04-25 12:59:34,226.5
2024-04-25 12:59:45,226.5
2024-04-25 12:59:50,226.5
2024-04-25 13:00:01,226.5
2024-04-25 13:00:21,226.5
2024-04-25 13:00:28,226.5
2024-04-25 13:00:42,226.5
2024-04-25 13:01:24,226.5
2024-04-25 13:01:27,226.5
2024-04-25 13:01:40,226.5
2024-04-25 13:01:47,226.5
2024-04-25 13:01:50,226.5
2024-04-25 13:01:54,226.5
2024-04-25 13:02:00,226.5
2024-04-25 13:02:03,226.5
2024-04-25 13:02:07,226.5
2024-04-25 13:02:17,226.5
2024-04-25 13:02:21,226.5
2024-04-25 13:02:24,226.5
2024-04-25 13:03:15,226.5
2024-04-25 13:03:18,226.5
2024-04-25 13:03:28,226.45
2024-04-25 13:04:16,226.5
2024-04-25 13:05:15,226.5
2024-04-25 13:05:19,226.5
2024-04-25 13:06:20,226.5
2024-04-25 13:07:23,226.5
2024-04-25 13:07:27,226.5
2024-04-25 13:07:33,226.5
2024-04-25 13:07:40,226.5
2024-04-25 13:08:29,226.5
2024-04-25 13:08:32,226.5
2024-04-25 13:08:38,226.5
2024-04-25 13:09:15,226.5
2024-04-25 13:09:28,226.5
2024-04-25 13:09:31,226.5
2024-04-25 13:09:34,226.5
2024-04-25 13:09:37,226.45
2024-04-25 13:11:18,226.5
2024-04-25 13:11:30,226.5
2024-04-25 13:11:38,226.5
2024-04-25 13:12:30,226.5
2024-04-25 13:12:33,226.45
2024-04-25 13:12:36,226.45
2024-04-25 13:12:46,226.45
2024-04-25 13:12:52,226.45
2024-04-25 13:13:21,226.45
2024-04-25 13:14:19,226.5
2024-04-25 13:14:29,226.5
2024-04-25 13:14:32,226.5
2024-04-25 13:14:35,226.5
2024-04-25 13:14:41,226.45
2024-04-25 13:15:19,226.45
2024-04-25 13:15:37,226.45
2024-04-25 13:16:17,226.45
2024-04-25 13:16:28,226.45
2024-04-25 13:16:39,226.5
2024-04-25 13:16:42,226.5
2024-04-25 13:17:31,226.5
2024-04-25 13:17:34,226.45
2024-04-25 13:17:41,226.5
2024-04-25 13:18:15,226.5
2024-04-25 13:18:24,226.5
2024-04-25 13:18:30,226.45
2024-04-25 13:18:33,226.45
2024-04-25 13:18:36,226.45
2024-04-25 13:19:14,226.45
2024-04-25 13:19:18,226.45
2024-04-25 13:19:36,226.45
2024-04-25 13:19:43,226.45
2024-04-25 13:20:36,226.45
2024-04-25 13:20:39,226.45
2024-04-25 13:20:42,226.45
2024-04-25 13:21:37,226.45
2024-04-25 13:22:23,226.45
2024-04-25 13:22:39,226.45
2024-04-25 13:23:18,226.45
2024-04-25 13:23:29,226.45
2024-04-25 13:24:21,226.45
2024-04-25 13:24:37,226.45
2024-04-25 13:24:46,226.45
2024-04-25 13:24:52,226.45
2024-04-25 13:24:55,226.45
2024-04-25 13:24:58,226.45
2024-04-25 13:25:01,226.45
2024-04-25 13:26:08,226.45
2024-04-25 13:26:57,226.4
2024-04-25 13:27:00,226.4
2024-04-25 13:27:29,226.4
2024-04-25 13:27:39,226.35
2024-04-25 13:27:46,226.3
2024-04-25 13:27:55,226.3
2024-04-25 13:28:07,226.3
2024-04-25 13:28:48,226.5
2024-04-25 13:29:03,226.35
2024-04-25 13:29:54,226.35
2024-04-25 13:30:01,226.35
2024-04-25 13:30:04,226.5
2024-04-25 13:30:51,226.5
2024-04-25 13:30:58,226.5
2024-04-25 13:31:04,226.5
2024-04-25 13:31:13,226.35
2024-04-25 13:31:55,226.4
2024-04-25 13:32:46,226.25
2024-04-25 13:32:52,226.25
2024-04-25 13:33:12,226.25
2024-04-25 13:33:44,226.15
2024-04-25 13:34:50,226.4
2024-04-25 13:34:59,226.4
2024-04-25 13:35:08,226.4
2024-04-25 13:35:11,226.4
2024-04-25 13:36:46,226.4
2024-04-25 13:36:53,226.4
2024-04-25 13:37:29,226.4
2024-04-25 13:37:32,226.2
2024-04-25 13:37:36,226.4
2024-04-25 13:37:39,226.3
2024-04-25 13:40:04,226.3
2024-04-25 13:40:50,226.2
2024-04-25 13:41:12,226.2
2024-04-25 13:41:52,226.2
2024-04-25 13:41:55,226.2
2024-04-25 13:42:51,226.4
2024-04-25 13:42:55,226.4
2024-04-25 13:42:58,226.4
2024-04-25 13:43:07,226.4
2024-04-25 13:43:13,226.4
2024-04-25 13:44:13,226.4
2024-04-25 13:44:45,226.4
2024-04-25 13:44:51,226.4
2024-04-25 13:44:54,226.4
2024-04-25 13:44:58,226.4
2024-04-25 13:45:04,226.45
2024-04-25 13:45:07,226.3
2024-04-25 13:45:45,226.5
2024-04-25 13:45:48,226.5
2024-04-25 13:46:10,226.5
2024-04-25 13:46:22,226.5
2024-04-25 13:46:26,226.5
2024-04-25 13:46:35,226.5
2024-04-25 13:47:19,226.5
2024-04-25 13:47:28,226.5
2024-04-25 13:47:31,226.5
2024-04-25 13:47:37,226.5
2024-04-25 13:47:43,226.5
2024-04-25 13:48:16,226.45
2024-04-25 13:48:42,226.45
2024-04-25 13:49:35,226.45
2024-04-25 13:49:38,226.45
2024-04-25 13:50:27,226.3
2024-04-25 13:50:33,226.3
2024-04-25 13:51:15,226.3
2024-04-25 13:51:28,226.3
2024-04-25 13:53:28,226.3
2024-04-25 13:53:32,226.3
2024-04-25 13:53:38,226.3
2024-04-25 13:53:51,226.3
2024-04-25 13:53:57,226.3
2024-04-25 13:54:03,226.3
2024-04-25 13:54:10,226.3
2024-04-25 13:54:16,226.3
2024-04-25 13:54:19,226.4
2024-04-25 13:54:22,226.4
2024-04-25 13:54:25,226.4
2024-04-25 13:54:32,226.3
2024-04-25 13:54:35,226.3
2024-04-25 13:54:38,226.3
2024-04-25 13:54:41,226.3
2024-04-25 13:54:44,226.3
2024-04-25 13:54:47,226.3
2024-04-25 13:55:51,226.3
2024-04-25 13:56:02,226.3
2024-04-25 13:56:26,226.25
2024-04-25 13:56:36,226.25
2024-04-25 13:56:39,226.25
2024-04-25 13:56:43,226.25
2024-04-25 13:57:15,226.25
2024-04-25 13:57:27,226.25
2024-04-25 13:57:30,226.9
2024-04-25 13:57:33,226.9
2024-04-25 13:57:37,226.9
2024-04-25 13:57:40,226.95
2024-04-25 13:57:44,226.7
2024-04-25 13:58:17,226.45
2024-04-25 13:58:20,226.45
2024-04-25 13:58:26,226.45
2024-04-25 13:58:29,226.45
2024-04-25 13:58:36,226.45
2024-04-25 13:58:42,226.45
2024-04-25 13:58:45,226.45
2024-04-25 13:58:49,226.45
2024-04-25 13:58:55,226.45
2024-04-25 13:59:02,226.45
2024-04-25 13:59:05,226.45
2024-04-25 13:59:28,226.8
2024-04-25 13:59:34,226.8
2024-04-25 13:59:40,226.45
2024-04-25 14:00:03,226.75
2024-04-25 14:00:06,226.45
2024-04-25 14:00:32,226.85
2024-04-25 14:00:35,226.5
2024-04-25 14:00:38,226.5
2024-04-25 14:00:41,226.5
2024-04-25 14:00:44,226.85
2024-04-25 14:00:47,226.85
2024-04-25 14:00:54,226.85
2024-04-25 14:00:57,227.0
2024-04-25 14:01:00,226.7
2024-04-25 14:01:03,226.7
2024-04-25 14:01:06,226.7
2024-04-25 14:01:10,226.7
2024-04-25 14:01:29,226.9
2024-04-25 14:01:33,226.95
2024-04-25 14:01:39,227.0
2024-04-25 14:02:17,226.75
2024-04-25 14:02:24,226.75
2024-04-25 14:02:33,226.75
2024-04-25 14:02:37,226.75
2024-04-25 14:02:40,226.75
2024-04-25 14:02:43,226.9
2024-04-25 14:02:47,226.9
2024-04-25 14:02:53,227.0
2024-04-25 14:03:00,227.0
2024-04-25 14:03:06,227.0
2024-04-25 14:03:13,227.0
2024-04-25 14:03:26,227.0
2024-04-25 14:03:36,227.0
2024-04-25 14:03:45,227.0
2024-04-25 14:03:55,227.0
2024-04-25 14:03:58,226.85
2024-04-25 14:04:01,227.3
2024-04-25 14:04:04,227.05
2024-04-25 14:04:08,227.0
2024-04-25 14:04:11,227.0
2024-04-25 14:04:14,227.0
2024-04-25 14:04:17,226.95
2024-04-25 14:04:23,226.95
2024-04-25 14:04:26,226.95
2024-04-25 14:04:30,226.95
2024-04-25 14:04:33,226.95
2024-04-25 14:04:36,226.9
2024-04-25 14:04:40,226.9
2024-04-25 14:04:43,226.9
2024-04-25 14:04:46,226.9
2024-04-25 14:05:06,226.9
2024-04-25 14:05:29,226.9
2024-04-25 14:05:55,226.9
2024-04-25 14:05:58,226.9
2024-04-25 14:06:05,226.9
2024-04-25 14:06:58,226.9
2024-04-25 14:07:08,226.9
2024-04-25 14:07:12,226.9
2024-04-25 14:07:33,226.9
2024-04-25 14:07:56,226.9
2024-04-25 14:08:06,226.9
2024-04-25 14:08:20,226.9
2024-04-25 14:08:23,226.9
2024-04-25 14:08:30,226.9
2024-04-25 14:08:36,226.9
2024-04-25 14:08:52,227.15
2024-04-25 14:08:55,227.15
2024-04-25 14:08:58,227.05
2024-04-25 14:09:05,227.05
2024-04-25 14:09:12,227.05
2024-04-25 14:09:15,227.05
2024-04-25 14:09:18,227.35
2024-04-25 14:09:22,227.35
2024-04-25 14:09:25,227.1
2024-04-25 14:09:28,227.1
2024-04-25 14:09:31,227.1
2024-04-25 14:09:34,227.1
2024-04-25 14:09:40,227.1
2024-04-25 14:09:50,227.1
2024-04-25 14:09:53,227.1
2024-04-25 14:09:57,227.1
2024-04-25 14:10:00,227.1
2024-04-25 14:10:03,227.1
2024-04-25 14:10:07,227.1
2024-04-25 14:10:10,227.1
2024-04-25 14:10:17,227.1
2024-04-25 14:10:20,227.1
2024-04-25 14:10:23,227.1
2024-04-25 14:10:27,227.1
2024-04-25 14:10:30,227.1
2024-04-25 14:10:43,227.1
2024-04-25 14:10:47,227.1
2024-04-25 14:10:51,227.1
2024-04-25 14:10:54,227.1
2024-04-25 14:10:58,226.9
2024-04-25 14:11:01,226.9
2024-04-25 14:11:12,226.9
2024-04-25 14:11:15,226.6
2024-04-25 14:11:19,226.6
2024-04-25 14:11:22,226.6
2024-04-25 14:11:28,226.6
2024-04-25 14:11:32,226.6
2024-04-25 14:11:35,226.6
2024-04-25 14:11:38,226.6
2024-04-25 14:12:27,226.95
2024-04-25 14:12:36,226.95
2024-04-25 14:12:40,226.75
2024-04-25 14:13:03,226.75
2024-04-25 14:13:47,226.75
2024-04-25 14:13:50,226.75
2024-04-25 14:13:57,226.75
2024-04-25 14:14:00,226.5
2024-04-25 14:14:03,226.5
2024-04-25 14:14:07,226.5
2024-04-25 14:14:10,226.5
2024-04-25 14:14:14,226.5
2024-04-25 14:14:25,226.5
2024-04-25 14:14:38,226.5
2024-04-25 14:15:45,226.5
2024-04-25 14:15:55,226.5
2024-04-25 14:16:50,226.9
2024-04-25 14:16:54,226.9
2024-04-25 14:16:57,226.6
2024-04-25 14:17:00,226.6
2024-04-25 14:17:13,226.6
2024-04-25 14:17:48,226.6
2024-04-25 14:17:54,226.85
2024-04-25 14:18:04,226.85
2024-04-25 14:19:02,226.85
2024-04-25 14:19:12,226.85
2024-04-25 14:19:16,226.85
2024-04-25 14:20:25,226.85
2024-04-25 14:20:32,226.85
2024-04-25 14:20:39,226.85
2024-04-25 14:21:20,226.85
2024-04-25 14:21:34,226.85
2024-04-25 14:21:41,226.85
2024-04-25 14:22:34,226.85
2024-04-25 14:22:37,226.85
2024-04-25 14:23:18,226.85
2024-04-25 14:23:38,226.85
2024-04-25 14:23:45,226.85
2024-04-25 14:25:26,226.6
2024-04-25 14:26:21,226.45
2024-04-25 14:26:24,226.45
2024-04-25 14:26:41,226.45
2024-04-25 14:26:44,226.45
2024-04-25 14:27:22,226.4
2024-04-25 14:27:28,226.4
2024-04-25 14:27:31,226.4
2024-04-25 14:27:35,226.4
2024-04-25 14:28:00,226.4
2024-04-25 14:28:10,226.5
2024-04-25 14:29:15,226.4
2024-04-25 14:29:38,226.4
2024-04-25 14:29:55,226.4
2024-04-25 14:30:08,226.4
2024-04-25 14:30:46,226.65
2024-04-25 14:30:53,226.65
2024-04-25 14:31:18,226.45
2024-04-25 14:31:25,226.8
2024-04-25 14:31:29,226.8
2024-04-25 14:31:50,226.8
2024-04-25 14:32:04,226.8
2024-04-25 14:32:07,226.75
2024-04-25 14:32:10,226.75
2024-04-25 14:32:47,226.75
2024-04-25 14:32:50,226.75
2024-04-25 14:33:20,226.75
2024-04-25 14:33:23,226.75
2024-04-25 14:33:27,226.75
2024-04-25 14:33:33,226.5
2024-04-25 14:33:44,226.5
2024-04-25 14:34:18,226.4
2024-04-25 14:34:25,226.7
2024-04-25 14:34:32,226.7
2024-04-25 14:34:43,226.7
2024-04-25 14:35:28,226.7
2024-04-25 14:35:54,226.7
2024-04-25 14:36:46,226.2
2024-04-25 14:36:53,226.2
2024-04-25 14:37:08,226.2
2024-04-25 14:37:11,226.2
2024-04-25 14:37:15,226.2
2024-04-25 14:38:13,226.45
2024-04-25 14:38:46,226.45
2024-04-25 14:38:50,226.45
2024-04-25 14:38:53,226.45
2024-04-25 14:38:57,226.45
2024-04-25 14:39:03,226.2
2024-04-25 14:39:13,226.2
2024-04-25 14:39:48,226.2
2024-04-25 14:39:51,226.2
2024-04-25 14:39:58,226.2
2024-04-25 14:40:05,226.2
2024-04-25 14:40:09,226.2
2024-04-25 14:40:16,226.2
2024-04-25 14:40:20,225.9
2024-04-25 14:40:24,225.9
2024-04-25 14:40:27,225.95
2024-04-25 14:40:31,225.95
2024-04-25 14:40:35,225.95
2024-04-25 14:40:44,226.0
2024-04-25 14:41:17,225.95
2024-04-25 14:41:22,225.95
2024-04-25 14:41:26,225.95
2024-04-25 14:41:30,225.95
2024-04-25 14:41:34,225.95
2024-04-25 14:41:38,225.95
2024-04-25 14:41:42,225.95
2024-04-25 14:42:16,225.95
2024-04-25 14:42:28,225.95
2024-04-25 14:42:36,225.95
2024-04-25 14:42:48,226.0
2024-04-25 14:42:52,226.0
2024-04-25 14:43:05,225.95
2024-04-25 14:43:09,226.0
2024-04-25 14:43:48,225.95
2024-04-25 14:44:00,225.95
2024-04-25 14:44:11,225.95
2024-04-25 14:44:48,226.0
2024-04-25 14:45:00,226.0
2024-04-25 14:45:04,226.0
2024-04-25 14:45:48,226.0
2024-04-25 14:45:56,225.95
2024-04-25 14:46:04,225.95
2024-04-25 14:46:08,225.95
2024-04-25 14:46:47,226.2
2024-04-25 14:47:02,226.2
2024-04-25 14:47:14,225.95
2024-04-25 14:47:49,226.4
2024-04-25 14:47:56,226.4
2024-04-25 14:48:04,226.4
2024-04-25 14:48:08,226.4
2024-04-25 14:48:12,226.4
2024-04-25 14:48:54,226.0
2024-04-25 14:48:58,226.0
2024-04-25 14:49:02,226.0
2024-04-25 14:49:06,226.0
2024-04-25 14:49:14,226.0
2024-04-25 14:49:56,226.0
2024-04-25 14:50:00,226.0
2024-04-25 14:50:04,226.0
2024-04-25 14:50:08,226.0
2024-04-25 14:50:46,226.0
2024-04-25 14:50:54,225.9
2024-04-25 14:50:57,225.9
2024-04-25 14:51:09,225.9
2024-04-25 14:51:12,225.9
2024-04-25 14:51:50,226.0
2024-04-25 14:52:01,226.0
2024-04-25 14:52:04,226.0
2024-04-25 14:52:12,226.0
2024-04-25 14:52:16,226.0
2024-04-25 14:52:19,226.0
2024-04-25 14:52:23,226.0
2024-04-25 14:52:27,225.95
2024-04-25 14:52:31,225.95
2024-04-25 14:52:35,225.95
2024-04-25 14:52:38,225.95
2024-04-25 14:52:42,225.95
2024-04-25 14:53:17,226.0
2024-04-25 14:53:25,226.0
2024-04-25 14:53:29,226.0
2024-04-25 14:53:40,226.0
2024-04-25 14:53:51,226.0
2024-04-25 14:53:54,226.0
2024-04-25 14:54:09,225.8
2024-04-25 14:54:13,226.0
2024-04-25 14:54:17,226.0
2024-04-25 14:54:32,226.0
2024-04-25 14:54:36,226.0
2024-04-25 14:54:44,226.0
2024-04-25 14:54:51,226.0
2024-04-25 14:54:59,226.0
2024-04-25 14:55:10,226.0
2024-04-25 14:55:14,226.0
2024-04-25 14:55:51,225.95
2024-04-25 14:55:55,226.0
2024-04-25 14:56:02,226.0
2024-04-25 14:56:06,226.0
2024-04-25 14:56:10,226.0
2024-04-25 14:56:56,226.0
2024-04-25 14:57:00,226.0
2024-04-25 14:57:07,226.0
2024-04-25 14:57:15,226.0
2024-04-25 14:57:48,226.25
2024-04-25 14:57:59,226.25
2024-04-25 14:58:03,226.3
2024-04-25 14:58:07,226.3
2024-04-25 14:58:11,226.3
2024-04-25 14:58:15,226.3
2024-04-25 14:58:18,226.15
2024-04-25 14:58:22,226.15
2024-04-25 14:58:44,226.3
2024-04-25 14:59:18,226.4
2024-04-25 14:59:33,226.4
2024-04-25 14:59:37,226.4
2024-04-25 15:00:17,226.2
2024-04-25 15:00:22,226.15
2024-04-25 15:00:30,226.15
2024-04-25 15:00:34,226.1
2024-04-25 15:00:42,226.0
2024-04-25 15:01:18,226.0
2024-04-25 15:01:22,226.0
2024-04-25 15:01:26,225.95
2024-04-25 15:01:30,225.95
2024-04-25 15:01:37,225.95
2024-04-25 15:01:48,225.95
2024-04-25 15:01:52,225.95
2024-04-25 15:01:59,225.8
2024-04-25 15:02:03,225.8
2024-04-25 15:02:19,225.8
2024-04-25 15:02:24,225.8
2024-04-25 15:02:28,225.7
2024-04-25 15:02:32,225.7
2024-04-25 15:02:36,225.7
2024-04-25 15:02:40,225.95
2024-04-25 15:02:52,225.95
2024-04-25 15:02:56,225.95
2024-04-25 15:03:00,225.95
2024-04-25 15:03:08,225.95
2024-04-25 15:03:23,225.95
2024-04-25 15:03:27,225.95
2024-04-25 15:03:35,225.95
2024-04-25 15:04:17,225.9
2024-04-25 15:04:32,225.9
2024-04-25 15:04:36,225.9
2024-04-25 15:05:18,225.5
2024-04-25 15:05:22,225.75
2024-04-25 15:05:26,225.4
2024-04-25 15:05:30,225.4
2024-04-25 15:05:34,225.4
2024-04-25 15:05:38,225.4
2024-04-25 15:05:42,225.4
2024-04-25 15:06:27,225.65
2024-04-25 15:06:31,225.7
2024-04-25 15:06:35,225.7
2024-04-25 15:06:39,225.5
2024-04-25 15:06:43,225.45
2024-04-25 15:07:16,225.7
2024-04-25 15:07:20,225.7
2024-04-25 15:07:23,225.7
2024-04-25 15:07:27,225.5
2024-04-25 15:07:31,225.5
2024-04-25 15:08:16,225.85
2024-04-25 15:08:20,225.85
2024-04-25 15:08:35,225.85
2024-04-25 15:08:39,225.85
2024-04-25 15:08:55,225.85
2024-04-25 15:08:59,225.85
2024-04-25 15:09:09,225.8
2024-04-25 15:09:46,225.85
2024-04-25 15:09:51,225.85
2024-04-25 15:09:55,226.2
2024-04-25 15:10:00,226.25
2024-04-25 15:10:05,226.25
2024-04-25 15:10:15,226.25
2024-04-25 15:10:48,225.95
2024-04-25 15:10:52,225.95
2024-04-25 15:10:59,225.95
2024-04-25 15:11:03,225.95
2024-04-25 15:11:07,225.95
2024-04-25 15:11:11,225.95
2024-04-25 15:11:15,225.95
2024-04-25 15:11:19,225.95
2024-04-25 15:11:23,225.95
2024-04-25 15:11:27,225.95
2024-04-25 15:11:31,225.95
2024-04-25 15:11:35,226.25
2024-04-25 15:11:38,226.25
2024-04-25 15:11:42,226.25
2024-04-25 15:12:19,226.3
2024-04-25 15:12:23,226.3
2024-04-25 15:12:31,226.25
2024-04-25 15:12:43,226.25
2024-04-25 15:13:04,226.25
2024-04-25 15:13:11,226.25
2024-04-25 15:13:14,226.25
2024-04-25 15:13:56,226.35
2024-04-25 15:14:00,226.35
2024-04-25 15:14:06,226.35
2024-04-25 15:14:10,226.35
2024-04-25 15:14:13,226.35
2024-04-25 15:14:53,226.35
2024-04-25 15:14:57,226.35
2024-04-25 15:15:00,226.25
2024-04-25 15:15:05,226.0
2024-04-25 15:15:10,226.0
2024-04-25 15:15:15,226.0
2024-04-25 15:15:20,226.0
2024-04-25 15:15:25,226.0
2024-04-25 15:15:31,226.0
2024-04-25 15:15:36,226.0
2024-04-25 15:15:41,226.0
2024-04-25 15:16:16,226.0
2024-04-25 15:16:19,226.0
2024-04-25 15:16:23,226.0
2024-04-25 15:16:26,226.0
2024-04-25 15:16:30,226.05
2024-04-25 15:16:34,226.05
2024-04-25 15:16:48,226.05
2024-04-25 15:16:52,226.05
2024-04-25 15:17:03,226.05
2024-04-25 15:17:07,226.05
2024-04-25 15:17:11,226.05
2024-04-25 15:17:18,226.05
2024-04-25 15:17:22,226.05
2024-04-25 15:17:26,226.2
2024-04-25 15:17:30,226.2
2024-04-25 15:17:37,226.2
2024-04-25 15:17:44,226.2
2024-04-25 15:18:18,226.2
2024-04-25 15:18:22,226.1
2024-04-25 15:18:26,226.0
2024-04-25 15:18:30,226.0
2024-04-25 15:18:34,225.8
2024-04-25 15:18:37,225.8
2024-04-25 15:18:41,226.0
2024-04-25 15:18:45,226.0
2024-04-25 15:18:49,226.0
2024-04-25 15:18:53,226.0
2024-04-25 15:18:56,226.0
2024-04-25 15:19:00,226.0
2024-04-25 15:19:08,225.95
2024-04-25 15:19:11,225.95
2024-04-25 15:19:15,225.95
2024-04-25 15:19:51,226.3
2024-04-25 15:19:55,226.35
2024-04-25 15:20:03,226.2
2024-04-25 15:20:07,226.35
2024-04-25 15:20:11,226.35
2024-04-25 15:20:46,226.2
2024-04-25 15:20:50,226.2
2024-04-25 15:20:54,226.2
2024-04-25 15:21:03,226.25
2024-04-25 15:21:07,226.25
2024-04-25 15:21:12,226.25
2024-04-25 15:21:16,226.25
2024-04-25 15:21:24,226.25
2024-04-25 15:21:33,226.25
2024-04-25 15:21:37,226.25
2024-04-25 15:21:42,226.25
2024-04-25 15:21:46,226.25
2024-04-25 15:21:54,226.3
2024-04-25 15:21:58,226.35
2024-04-25 15:22:02,226.35
2024-04-25 15:22:07,226.35
2024-04-25 15:22:11,226.35
2024-04-25 15:22:16,226.4
2024-04-25 15:22:20,226.4
2024-04-25 15:22:25,226.4
2024-04-25 15:22:29,226.4
2024-04-25 15:22:34,226.4
2024-04-25 15:22:39,226.4
2024-04-25 15:22:43,226.4
2024-04-25 15:22:47,226.4
2024-04-25 15:22:51,226.4
2024-04-25 15:22:55,226.4
2024-04-25 15:23:00,226.4
2024-04-25 15:23:05,226.4
2024-04-25 15:23:09,226.4
2024-04-25 15:23:14,226.4
2024-04-25 15:23:19,226.4
2024-04-25 15:23:23,226.4
2024-04-25 15:23:28,226.4
2024-04-25 15:23:32,226.4
2024-04-25 15:23:37,226.4
2024-04-25 15:23:41,226.45
2024-04-25 15:24:16,225.95
2024-04-25 15:24:20,225.95
2024-04-25 15:24:25,225.95
2024-04-25 15:24:29,225.95
2024-04-25 15:24:33,225.95
2024-04-25 15:24:37,226.5
2024-04-25 15:24:41,226.5
2024-04-25 15:24:45,226.5
2024-04-25 15:24:49,226.5
2024-04-25 15:24:53,226.5
2024-04-25 15:24:58,226.75
2024-04-25 15:25:02,226.75
2024-04-25 15:25:06,226.75
2024-04-25 15:25:10,226.75
2024-04-25 15:25:14,226.65
2024-04-25 15:25:48,226.6
2024-04-25 15:25:52,226.65
2024-04-25 15:25:56,226.65
2024-04-25 15:26:04,226.5
2024-04-25 15:26:09,226.6
2024-04-25 15:26:13,226.6
2024-04-25 15:26:45,226.65
2024-04-25 15:26:49,226.65
2024-04-25 15:26:53,226.6
2024-04-25 15:26:57,226.6
2024-04-25 15:27:02,226.6
2024-04-25 15:27:07,226.6
2024-04-25 15:27:11,226.6
2024-04-25 15:27:54,226.5
2024-04-25 15:27:58,226.5
2024-04-25 15:28:02,226.5
2024-04-25 15:28:06,226.5
2024-04-25 15:28:10,226.5
2024-04-25 15:28:14,226.5
2024-04-25 15:28:47,226.5
2024-04-25 15:28:51,226.5
2024-04-25 15:28:55,226.4
2024-04-25 15:28:59,226.4
2024-04-25 15:29:04,226.4
2024-04-25 15:29:09,226.4
2024-04-25 15:29:13,226.4
2024-04-25 15:29:46,226.4
2024-04-25 15:29:50,226.3
2024-04-25 15:40:06,226.05
2024-04-25 15:40:08,226.05
2024-04-25 15:40:11,226.05
2024-04-25 15:40:12,226.05
2024-04-25 15:40:14,226.05
2024-04-25 15:40:56,226.05
2024-04-25 15:41:00,226.05
2024-04-25 15:42:55,226.05
2024-04-25 15:45:11,226.05
2024-04-25 15:45:21,226.05
2024-04-25 15:45:51,226.05
2024-04-25 15:45:52,226.05
2024-04-25 15:47:07,226.05
2024-04-25 15:47:23,226.05
2024-04-25 15:50:28,226.05
2024-04-25 15:53:21,226.05
2024-04-25 15:54:11,226.05
2024-04-25 15:54:59,226.05
2024-04-25 15:55:12,226.05
2024-04-25 15:56:30,226.05
