,datetime,symbol,open,high,low,close,volume,change (%),last day change (%),rsi_14,stoch_oscillator,cci,adx,awesome_oscillator,momentum,macd,macd_signal,macd_diff,stoch_rsi_fast,williams_r,bull_bear_power,ultimate_oscillator,ema_10,ema_20,ema_30,ema_50,ema_100,ema_200,sma_10,sma_20,sma_30,sma_50,sma_100,sma_200,ichimoku_base_line,vwma_20
0,2023-09-27,NSE:KODYTECH,170.0,178.5,169.0,178.5,1024000.0,,,,,,0.0,,,,,,,,9.5,,178.5,178.5,178.5,178.5,178.5,178.5,,,,,,,,
1,2023-09-28,NSE:KODYTECH,185.95,187.39999,178.60001,187.39999,247200.0,4.9859887955182085,,,,,0.0,,,,,,,,8.799980000000005,,180.11818,179.3476180952381,179.07419290322582,178.84901921568627,178.67623742574258,178.58855711442786,,,,,,,,
2,2023-09-29,NSE:KODYTECH,196.75,196.75,196.75,196.75,55200.0,4.989333243827812,4.9859887955182085,,,,0.0,,,,,,,,0.0,,183.14214727272727,181.0049878004535,180.2145675546306,179.55101846212995,179.03413371434172,178.76926798891117,,,,,,,,
3,2023-10-03,NSE:KODYTECH,206.55,206.55,206.55,206.55,27200.0,4.980940279542573,4.989333243827812,,,,0.0,,,,,,,,0.0,,187.39812049586777,183.43784610517224,181.91362771239636,180.60980205185035,179.57900235366168,179.04569318305138,,,,,,,,
4,2023-10-04,NSE:KODYTECH,215.89999,216.85001,196.25,216.85001,373600.0,4.986690873880409,4.980940279542573,,,,0.0,,,,,,,,20.600009999999997,,192.75300949661906,186.6199569522987,184.1675878599837,182.03098667726798,180.3170421090347,179.42185553943892,,,,,,,,
5,2023-10-05,NSE:KODYTECH,227.64999,227.64999,221.0,227.64999,96800.0,4.980391746350395,4.986690873880409,,,,0.0,27.535008403361346,,,,,,,6.6499900000000025,,199.0979150426883,190.52757914731788,186.97290412708153,183.81996719972807,181.2543282058855,179.9017374743699,,,,,,,,
6,2023-10-06,NSE:KODYTECH,229.89999,229.89999,216.3,227.85001,132800.0,0.08786295136669893,4.980391746350395,,,,0.0,21.584857074965687,,,,,,,13.599989999999991,,204.3255686712904,194.08209637138285,189.61013676404403,185.5466355448368,182.1770149740858,180.3788347134309,,,,,,,,
7,2023-10-09,NSE:KODYTECH,220.0,220.0,216.45,216.60001,44800.0,-4.937458637811778,0.08786295136669893,,,,0.0,10.088950444726809,,,,,,,3.5500000000000114,,206.55728527651033,196.2266595741083,191.35141890829925,186.76441493523535,182.8586584399455,180.73924441777487,,,,,,,,
8,2023-10-10,NSE:KODYTECH,210.0,227.39999,207.55,227.39999,75200.0,4.98614012067682,-4.937458637811778,,,,0.0,10.094403292181065,,,,,,,19.84998999999999,,210.34686795350842,199.195548186098,193.67713317227998,188.35796689855945,183.7406650054911,181.20353044346865,,,,,,,,
9,2023-10-11,NSE:KODYTECH,238.75,238.75,238.75,238.75,12800.0,4.991209542269548,4.98614012067682,,,,0.0,10.099141798517788,,,,,,,0.0,,215.51107378014325,202.96263883504105,196.58506006439097,190.33412505940026,184.8299587677586,181.7761321305983,212.43,,,,,,,
10,2023-10-12,NSE:KODYTECH,245.5,258.70001,236.0,253.95,60800.0,6.366492146596854,4.991209542269548,,,,0.0,11.552827215147248,42.2689075630252,,,,,,22.70001000000002,,222.4999694564808,207.81857799360856,200.28602393120445,192.82886525314927,186.19867245552575,182.49428006959735,219.975,,,,,,,
11,2023-10-13,NSE:KODYTECH,258.0,262.0,244.55,244.55,17600.0,-3.701516046465831,6.366492146596854,,,,0.0,7.329378655721812,30.496271638008093,,,,,,17.44999999999999,,226.50906591893883,211.31680866088394,203.14176432273968,194.85714504714343,187.3541442880896,183.11174991965112,225.69000100000002,,,,,,,
12,2023-10-16,NSE:KODYTECH,253.0,253.0,228.14999,238.0,28800.0,-2.678388877530162,-3.701516046465831,,,,0.0,9.879957992615052,20.96569250317662,,,,,,24.850009999999997,,228.59832666094994,213.858064978895,205.39068275353065,196.54902171196136,188.3570325200086,183.65790166174415,229.81500100000002,,,,,,,
13,2023-10-17,NSE:KODYTECH,234.0,251.0,228.5,245.3,58400.0,3.067226890756307,-2.678388877530162,73.4517858041604,82.04301075268818,,0.0,7.87159665222501,18.76059065601549,,,,,-17.956989247311817,22.5,,231.6349945407772,216.85253498090498,207.96547741459318,198.46082478208052,189.48461603446387,184.2712558740651,233.690001,,,,,,,
14,2023-10-18,NSE:KODYTECH,245.39999,252.0,236.55,249.2,26400.0,1.5898899306970964,3.067226890756307,74.76660388197266,84.65227633720338,,0.0,4.376963350785336,14.918140884568091,,,,,-15.347723662796616,15.449999999999989,,234.82863189699952,219.93324593510448,210.62576919429685,200.45059635925384,190.66709888526657,184.91731302954705,236.925,,,,,,,
15,2023-10-19,NSE:KODYTECH,250.0,250.0,237.0,238.75,19200.0,-4.193418940609948,1.5898899306970964,65.4176755779257,64.63878326996198,,0.0,-5.985430202795822,4.875910602939186,,,,0.0,-35.361216730038024,13.0,,235.54160791572687,221.7253177508088,212.4402356978906,201.95253375693017,191.61923554100386,185.4529616561187,238.03500100000002,,,,,,,
16,2023-10-20,NSE:KODYTECH,238.0,247.0,238.0,240.5,12000.0,0.7329842931937173,-4.193418940609948,66.1803337601683,67.30038022813689,,0.0,-1.6561030464117814,5.551893546109567,,,,8.157707038061792,-32.69961977186312,9.0,,236.44313374923107,223.51338272692226,214.25054307222024,203.46419909979565,192.58717147088495,186.00069338093346,239.3,,,,,,,
17,2023-10-23,NSE:KODYTECH,236.5,240.0,223.0,234.64999,41600.0,-2.4324365904365894,0.7329842931937173,61.31258013562741,58.40302661596959,,0.0,-1.407567226890755,8.333323714989675,,,,0.0,-41.59697338403041,17.0,,236.11710761300722,224.5740119910249,215.5666364223996,204.6871712919605,193.42009857047137,186.48476598410824,241.10499800000002,,,,,,,
18,2023-10-25,NSE:KODYTECH,238.05,242.0,228.0,231.8,15200.0,-1.2145706888800596,-2.4324365904365894,59.03445990311227,44.53627180899909,,0.0,-5.503465144720749,1.9349209294160519,,,,0.0,-55.46372819100091,14.0,,235.3321789560968,225.262201325213,216.61395020159964,205.7504194765895,194.18009661858085,186.93566383501266,241.54499900000002,,,,,,,
19,2023-10-26,NSE:KODYTECH,222.5,237.0,215.0,233.55,45600.0,0.7549611734253667,-1.2145706888800596,60.0168488410431,47.7502295684114,12.832079499381804,0.0,-6.280096308186186,-2.1780104712041837,,,,43.12278710795838,-52.24977043158861,22.0,,235.00814641862465,226.0515154847165,217.70659857568998,206.84059910495856,194.95969866573768,187.3994880754603,241.02499899999998,226.72749950000002,,,,,,198.50225266534173
20,2023-10-27,NSE:KODYTECH,249.5,280.25,245.25,280.25,119200.0,19.995718261614208,0.7549611734253667,76.32974852819048,100.0,166.0912306162153,0.0,17.382198952879584,10.356369364048046,,,,100.0,-0.0,35.0,,243.23393797887468,231.21327591474352,221.7416567320971,209.71939914005824,196.64861552384187,188.32337376625176,243.654999,231.81499950000003,,,,,,219.7407578372175
21,2023-10-30,NSE:KODYTECH,302.0,336.29999,302.0,336.29999,134400.0,19.999996431757353,19.995718261614208,84.50238715986508,100.0,338.37807772536166,0.0,39.833675675675664,37.517885912901235,,,,100.0,-0.0,34.29998999999998,,260.155038346352,241.22153439905367,229.13251694292956,214.6833438796638,199.41398927584498,189.7957779078811,252.829998,239.2599995,,,,,,236.08926771990076
22,2023-10-31,NSE:KODYTECH,355.0,390.0,310.0,326.14999,121600.0,-3.0181386565012915,19.999996431757353,79.17145406761868,63.51428,302.1557486081514,0.0,38.99424841228418,37.037810924369744,,,,34.77096770698559,-36.48572,80.0,,272.1541204651971,249.30995874200093,235.39170875306314,219.0545849039907,201.92361305256094,191.1525362371559,261.644997,245.729999,,,,,,246.37366131147542
23,2023-11-01,NSE:KODYTECH,340.0,350.0,327.0,330.64999,35200.0,1.3797332938750053,-3.0181386565012915,79.78048063310183,66.08570857142857,211.4586323654897,0.0,42.644516824849,34.79412556053811,,,,11.424389594552409,-33.91429142857143,23.0,,282.78973310788854,257.0566283856199,241.53740431738166,223.43087529991263,204.47265021983694,192.54057060295537,270.179996,251.93499849999998,,,,,,249.24998191304343
24,2023-11-02,NSE:KODYTECH,339.5,343.0,333.0,340.75,15200.0,3.0545925617599434,1.3797332938750053,81.1151818745666,71.85714285714286,167.973291575785,0.0,45.90023549561121,36.73756019261638,,,,100.0,-28.142857142857142,10.0,,293.3279634519088,265.0274256822275,247.93821694206673,228.03162528815136,207.17121160162233,194.01529129347324,279.334996,258.129998,,,,,,263.64738764846743
25,2023-11-03,NSE:KODYTECH,345.0,374.79999,345.0,360.75,63200.0,5.86940572267058,3.0545925617599434,83.44553276959954,83.28571428571429,165.83907235546516,0.0,28.724353256021413,51.09947643979058,35.782645110655835,,,100.0,-16.714285714285715,29.79998999999998,,305.5865155515617,274.14386133153914,255.21639649419149,233.23626743371406,210.21237572832285,195.6743431213989,291.534996,264.7849985,,,,,279.5,272.7216401111111
26,2023-11-06,NSE:KODYTECH,356.10001,365.0,353.04999,357.54999,12800.0,-0.8870436590436647,5.86940572267058,81.7082110901804,81.45713714285714,134.20025394970233,0.0,6.318763197108629,48.6694345114345,37.91297252268248,,,25.448065219612133,-18.542862857142868,11.95001000000002,,315.0344199967323,282.0873021571068,261.81856381714687,238.11131537749,213.12995224855408,197.28504607541484,303.239995,271.2699975,,,,,284.300005,280.5110950361111
27,2023-11-07,NSE:KODYTECH,357.54999,357.54999,349.0,349.0,6400.0,-2.3912712177673336,-0.8870436590436647,77.08999631043943,76.57142857142857,105.4813964963208,51.62972095255406,7.005982124972624,48.73216061078886,38.46792530962426,,,0.0,-23.428571428571427,8.54998999999998,,321.2099799973264,288.4599400469062,267.4431726031374,242.45989124503942,215.8204482436322,198.79464760700276,314.674996,277.889997,,,,,293.125,284.06063121817124
28,2023-11-08,NSE:KODYTECH,340.0,340.0,321.0,325.04999,17600.0,-6.862467048710608,-2.3912712177673336,65.86054535215743,62.88570857142856,63.94688393214742,51.18101990865629,-1.6936338029225475,40.228641069887814,36.553794355694095,,,0.0,-37.11429142857144,19.0,40.86175355313115,321.90816363417616,291.9447067091056,271.1597414674511,245.69871864719474,217.9834094665306,200.05091967061466,323.999995,282.772497,,,,,293.125,290.4770812191358
29,2023-11-09,NSE:KODYTECH,350.0,350.0,326.0,334.85001,11200.0,3.0149270270705184,-6.862467048710608,67.91977084504244,68.48572,67.20663505107507,50.960259914668406,-1.7314717534849602,43.374014129736665,35.419319627051436,,,18.337721946826573,-31.51428,24.0,44.78757153669888,324.26122660978046,296.0309260701432,275.2687910501962,249.19484771985378,220.29759957610423,201.39220415150407,334.129996,287.5774975,262.52833166666665,,,,293.125,291.8483745485467
30,2023-11-10,NSE:KODYTECH,301.39999,329.0,301.39999,328.10001,54400.0,-2.015827922477888,3.0149270270705184,65.01108873250695,64.62857714285714,38.91412329312037,49.51405200864379,-9.05058627858628,17.074044603033006,33.58838564162426,,,0.0,-35.37142285714285,27.600009999999997,52.58187782457197,324.959187226184,299.08512453965335,278.67725678889326,252.2891678092713,222.43230077261703,202.65297833905132,338.91499699999997,291.284998,267.51499866666666,,,,298.775,296.6100444018691
31,2023-11-13,NSE:KODYTECH,332.25,334.5,332.25,334.5,2400.0,1.9506217022059835,-2.015827922477888,66.47698527966534,68.28571428571429,53.08802471098153,48.30712699238869,-6.4466482015563695,-0.5352334384547498,32.28166009017417,,,50.39727582608116,-31.714285714285715,2.25,52.317616432202314,326.69388045778686,302.4579698215911,282.2787240928356,255.5131220128293,224.65146313355532,203.96488900234434,338.734998,295.782498,272.41833233333335,,,,298.775,297.68404457025053
32,2023-11-15,NSE:KODYTECH,316.0,330.0,316.0,328.75,8000.0,-1.71898355754858,1.9506217022059835,63.887221650138805,65.0,36.646759609709704,46.42484337390733,-5.802292263610315,0.7971823025350997,30.431300640004793,,,0.0,-35.0,14.0,52.74373346905073,327.06772037455283,304.9619726957253,285.2768709255559,258.38515644369875,226.71282029922747,205.2065318978434,338.994999,300.319998,276.81833233333333,,,,298.775,299.98565622439025
33,2023-11-16,NSE:KODYTECH,328.75,328.75,318.20001,326.64999,8000.0,-0.6387863117870715,-1.71898355754858,62.9230884377754,56.234880829015545,32.115643808019975,44.677008585317495,0.49223197945645925,-1.2097384306589576,28.467271205940392,33.04144980181546,-4.574178595875068,0.0,-43.765119170984455,10.54998999999998,54.4741582330582,326.9917693973614,307.02749815327525,287.94610441422975,261.0622087400243,228.69177415468832,206.4149245157753,338.594999,304.3874975,280.8216653333333,,,,298.775,304.67134195772695
34,2023-11-17,NSE:KODYTECH,326.64999,354.95001,323.10001,328.0,19200.0,0.4132894661959112,-0.6387863117870715,63.30645394198019,30.022581261559676,45.12146871955561,43.78254835848791,-2.045695026259667,-3.7417461482024947,26.71178146465411,31.775516134383192,-5.063734669729083,39.76271113667318,-69.97741873844032,31.850000000000023,48.888506753650255,327.1750840523866,309.02487928153477,290.5302267100859,263.6872201619841,230.65827367637763,207.62472626188702,337.31999899999994,308.3274975,284.52666500000004,,,,302.5,307.47846917453654
35,2023-11-20,NSE:KODYTECH,328.0,330.0,322.0,323.39999,9600.0,-1.4024420731707308,0.4132894661959112,60.992306573433964,24.830696971704633,23.969771077374443,42.89652756491357,-1.4324961465255655,-10.353433125433124,24.665037633564793,30.353420434219515,-5.688382800654722,0.0,-75.16930302829537,8.0,49.19180243133353,326.488703315589,310.3939374451981,292.6508565997578,266.0288974105337,232.49474330654837,208.7767189358981,333.584998,312.55999699999995,287.7183316666667,,,,302.5,309.37575035423305
36,2023-11-21,NSE:KODYTECH,330.0,340.0,330.0,336.85001,15200.0,4.158942614685917,-1.4024420731707308,65.01879643537112,48.29702997275205,40.72927591194781,42.34035056919731,0.7025440956651712,-5.789394652199538,23.853316425348794,29.053399632445373,-5.200083207096579,100.0,-51.70297002724795,10.0,55.09775554099293,328.3725772582092,312.91356340279833,295.5024148836444,268.806195943454,234.56118423117118,210.05108004101353,331.515,317.3774975,291.351665,,,,302.5,310.9754474215167
37,2023-11-22,NSE:KODYTECH,330.0,354.04999,330.0,336.5,35200.0,-0.10390678035010226,4.158942614685917,64.83125252920362,47.82017711171663,49.60305886335389,42.17629126637237,2.3574144486692017,-3.5816618911174785,22.91759882432092,27.826239470820486,-4.908640646499567,95.34224814669561,-52.17982288828337,24.04998999999998,47.82324456295886,329.85029048398934,315.1598906977699,298.1474203750222,271.46085492606363,236.5797746424351,211.3092782495607,330.265,322.469998,295.34833133333336,,,,302.5,316.6993217787264
38,2023-11-23,NSE:KODYTECH,350.0,351.5,337.5,343.0,22400.0,1.9316493313521546,-0.10390678035010226,66.74939629043502,56.675762942779315,59.87912971454799,42.02395048517777,5.005360630808529,5.522230595976952,22.441836044890863,26.749358785634563,-4.3075227407437,100.0,-43.32423705722069,14.0,45.362457840002506,332.2411467596276,317.8113296789347,301.04113518953693,274.26631159562976,238.6871058376344,212.61963368986358,332.06000099999994,328.029998,299.201665,,,,302.5,319.1696946863989
39,2023-11-24,NSE:KODYTECH,330.39999,342.0,330.39999,336.39999,6400.0,-1.9242011661807574,1.9316493313521546,62.992501544562224,55.0314378881387,17.00495267513245,41.45578418216587,2.5609725609756104,0.4628878464121906,21.28684348499678,25.656855725507008,-4.370012240510228,0.0,-44.9685621118613,11.600009999999997,43.06359529966382,332.99730007605893,319.58167828094093,303.3223516289217,276.7029264350169,240.62201443490898,213.85127902628284,332.21499900000003,333.17249749999996,302.45666466666665,,,,302.5,325.0827362913415
40,2023-11-28,NSE:KODYTECH,343.14999,343.14999,328.0,335.70001,6400.0,-0.2080796732484987,-1.9242011661807574,62.590142887403154,61.086411398041015,-8.568663035117954,40.781767777668264,3.8033458195221392,2.3163668906928785,20.083510812886004,24.542186742982807,-4.458675930096803,0.0,-38.913588601958985,15.149990000000003,42.13599363716627,333.4887018804119,321.11675749227993,305.4112328141526,279.01653755521227,242.50474702035632,215.06370421010092,332.974999,335.944998,305.181665,,,,302.5,336.32967079365073
41,2023-11-29,NSE:KODYTECH,328.54999,329.5,314.0,322.85001,19200.0,-3.8278223465051497,-0.2080796732484987,55.57256678860094,40.05604479699539,-118.90392802461336,39.32944434974145,-4.156152466790783,-3.4828071748878933,17.886785661655267,23.211106526717302,-5.324320865062035,0.0,-59.94395520300461,15.5,46.20573827622326,331.55439426579153,321.2818291596818,306.53631521323956,280.73549725892946,244.0957423268839,216.1362047652243,331.81,335.27249900000004,307.7916653333333,,,,302.5,338.9190070588235
42,2023-11-30,NSE:KODYTECH,324.95001,327.0,316.04999,317.39999,8800.0,-1.6880965870188436,-3.8278223465051497,52.865297123691654,29.878606954768635,-120.33025838170985,37.9808583095237,-5.676080237741456,-3.4524745247148285,15.527107259276136,21.674306673229072,-6.1471994139529365,0.0,-70.12139304523137,10.95001000000002,45.923895887318174,328.9808662174658,320.9121301920931,307.2371974575467,282.17332050367736,245.54731158773768,217.14380461830666,330.674999,334.83499900000004,310.4383316666666,,,,302.5,337.4702393913659
43,2023-12-01,NSE:KODYTECH,320.0,320.0,320.0,320.0,2400.0,0.8191588159785379,-1.6880965870188436,54.0161970225561,34.73389925904788,-105.05503548806045,36.728599843607206,-6.705539358600583,-2.0358151549308183,13.708817488075624,20.081208836198382,-6.372391348122758,42.51146141007013,-65.26610074095213,0.0,43.84586408633237,327.34798145065383,320.825260649989,308.06060407318887,283.6567196996116,247.02162224936663,218.16724934847278,330.01000000000005,334.3024995,312.9283316666667,,,,302.5,337.5107354263566
44,2023-12-04,NSE:KODYTECH,318.5,320.0,318.5,319.39999,2400.0,-0.18750312499999922,0.8191588159785379,53.690389217508056,13.186785546572516,-97.14574178010143,35.46605597226015,-5.053507879117356,-2.621954268292682,12.080141599094304,18.480995388777565,-6.400853789683261,71.69103886710674,-86.81321445342748,1.5,44.709459450632586,325.90289209598944,320.68952058808526,308.7921773587896,285.05841657413663,248.45485725432968,219.17454030022927,329.14999900000004,333.234999,315.2683313333333,,,,302.5,337.314250136876
45,2023-12-05,NSE:KODYTECH,301.5,310.0,301.5,302.20001,14400.0,-5.385090963841289,-0.18750312499999922,45.26231455041372,1.309653637108805,-175.91675435594817,33.23968133186263,-9.979147751589283,-6.555343430901152,9.2943698729797,16.643670285617993,-7.349300412638293,0.0,-98.69034636289119,8.5,38.06827791606876,321.5932771694459,318.9286148177914,308.3668762388677,285.7306359241705,249.519117704739,220.0006643768439,327.03000099999997,330.3074995,317.38333166666666,,,,317.625,330.526392483475
46,2023-12-06,NSE:KODYTECH,301.10001,307.54999,300.0,307.54999,9600.0,1.770344084369805,-5.385090963841289,47.99677113164224,13.739742722521756,-159.865328619935,31.08561362372434,-4.73904894721856,-8.698239314287097,7.4326454736251435,14.801465323219425,-7.368819849594281,32.44461741546546,-86.26025727747825,7.54998999999998,40.52691955645655,319.03995222954666,317.844936263716,308.31417390087626,286.58629686832063,250.66824388880354,220.87180194523353,324.099999,327.8074995,319.6183313333333,,,,345.0,328.3658545558739
47,2023-12-07,NSE:KODYTECH,320.0,332.0,315.0,324.95001,13600.0,5.657623334665055,1.770344084369805,55.74085267603967,45.40492349318956,-21.85799908865377,30.259961449414437,2.3787083295119253,-3.4323893016344664,7.277362762180701,13.29664481101168,-6.019282048830979,100.0,-54.59507650681044,17.0,44.992049734177876,320.1145081878109,318.5216099528859,309.38745364920686,288.09075620681784,252.1391699504114,221.90740600547997,322.94500000000005,326.60499999999996,322.628332,,,,345.0,327.6329608659218
48,2023-12-08,NSE:KODYTECH,326.0,328.0,316.0,317.14999,11200.0,-2.4003753685066873,5.657623334665055,52.002385866046,31.729867110058688,-45.96488973336063,29.49328443041239,-0.8906281249999991,-7.536446064139941,6.4505457915369675,11.927425007116737,-5.476879215579769,51.72485221700277,-68.27013288994131,12.0,42.50856699123169,319.5755048809362,318.3909794811825,309.88826244603223,289.23033400262887,253.42651292169037,222.85509340841054,320.359999,326.21000000000004,325.4733316666667,,,,337.399995,327.27695242857146
49,2023-12-11,NSE:KODYTECH,309.0,317.0,301.0,305.0,34400.0,-3.8309917651266527,-2.4003753685066873,46.743366212272754,9.250695513542189,-132.5336624494661,27.86172540583876,-4.508450360314664,-9.334123345247425,4.760014252809924,10.493942856255375,-5.733928603445451,0.0,-90.74930448645782,16.0,41.83204403696046,316.9254130844023,317.11564810202225,309.5728906753205,289.84875227703554,254.44777009155789,223.67245566305323,317.21999999999997,324.71749950000003,327.8549983333333,287.4039988,,,337.399995,324.69472287598944
50,2023-12-12,NSE:KODYTECH,300.0,305.95001,293.0,298.0,30400.0,-2.2950819672131146,-3.8309917651266527,43.983559298625835,8.190009531533095,-171.62912807048107,25.902857043562584,-1.3898113372001608,-11.230267761981901,2.8228739959405402,8.959729084192409,-6.136855088251869,0.0,-91.8099904684669,12.95001000000002,40.124036938176445,313.4844288872382,315.29511018754397,308.8262525672353,290.16840905048514,255.31019048578446,224.41203321864475,313.449999,323.21249900000004,328.446665,289.7939988,,,333.899995,322.9073546227316
51,2023-12-13,NSE:KODYTECH,314.79999,320.0,305.10001,315.0,24000.0,5.704697986577181,-2.2950819672131146,51.476411846522154,37.60683760683761,-65.22358820740128,24.789794709813854,2.422373676552557,-2.431472744882367,2.629127367385422,7.693608740831012,-5.06448137344559,100.0,-62.39316239316239,14.899990000000003,46.242035132289054,313.7599872713767,315.26700445539694,309.2245588532201,291.1421969308583,256.4921669118085,225.31340602243935,312.664998,322.237499,327.7366653333333,292.345999,,,329.0,322.05961931737585
52,2023-12-14,NSE:KODYTECH,320.0,344.0,315.0,343.70001,38400.0,9.111114285714292,5.704697986577181,60.96855212606269,99.41178431372553,71.52967547049661,24.745289351158757,5.770118302196697,8.286080916385668,4.736829497521626,7.102252892169135,-2.365423394647509,100.0,-0.5882156862744702,29.0,59.269015357260585,319.20362776749005,317.9749097453592,311.4487815078511,293.20328763945207,258.21905489375285,226.49138218142008,315.29499999999996,322.9849995,328.321666,295.2849992,,,325.274995,323.40205400161034
53,2023-12-15,NSE:KODYTECH,350.0,410.0,350.0,388.25,98400.0,12.961882078502116,9.111114285714292,70.58693012528917,81.41025641025641,280.8826728982279,26.40362277571544,22.418417859637955,21.328125,9.888027468454311,7.65940780742617,2.228619661028141,100.0,-18.58974358974359,60.0,60.24625818307038,331.7575136279464,324.66777548389643,316.40369882992525,296.9306096928069,260.79392509387657,228.1009206671771,322.12,326.065,330.24166633333334,298.91899920000003,,,351.5,337.23219549019603
54,2023-12-18,NSE:KODYTECH,400.0,425.0,395.0,420.45001,67200.0,8.293627817128145,12.961882078502116,75.32075445133201,96.55303787878789,306.9392104063218,28.208610089368403,37.85246229508197,31.637452462036713,16.3798440272368,9.403495051388298,6.976348975848502,100.0,-3.4469621212121058,30.0,63.90622963555141,347.88342205922885,333.7898930568587,323.11636406670425,301.77450774406935,263.95543172568097,230.01484195407087,332.225002,330.68750050000006,332.89833333333337,302.99099920000003,,,359.0,348.2207276717774
55,2023-12-19,NSE:KODYTECH,421.0,430.0,408.0,411.64999,18400.0,-2.093000306980613,8.293627817128145,71.91432404225883,86.60583211678832,240.59238113642286,29.970842308071287,38.13758053691275,36.21772878167673,20.577364305174797,11.638268902145597,8.9390954030292,28.040624779146977,-13.394167883211678,22.0,62.072414244796775,359.47734350300544,341.2051403847769,328.8282109011104,306.0833501854784,266.8800764439843,231.82215686000055,343.16999999999996,335.1000005,334.5949996666667,306.6709992,,,361.5,351.31206874024525
56,2023-12-20,NSE:KODYTECH,410.0,410.0,377.0,381.70001,28800.0,-7.275593520602292,-2.093000306980613,61.68873600456874,64.74453284671534,132.67703679708524,30.0470825328012,21.174606349206357,24.10990811607571,21.24234772173395,13.559084666063269,7.683263055670681,0.0,-35.255467153284656,33.0,58.06889462628096,363.5178283206408,345.06179463384575,332.23929471394206,309.04870939389104,269.1537384945985,233.3134787817916,350.585002,337.3425005,335.40000033333337,309.74799920000004,,,361.5,354.0362609701897
57,2023-12-21,NSE:KODYTECH,345.0,400.0,345.0,400.0,29600.0,4.794338360116883,-7.275593520602292,64.96662240585889,78.10218978102189,96.60095962891774,28.835068773100527,16.38056105962871,23.095857113529547,22.98109635041442,15.4434870029335,7.5376093474809185,32.055725198475784,-21.8978102189781,55.0,65.90455432029343,370.1509504441606,350.29400466871755,336.6109531194942,312.61542667256197,271.74475357391333,234.97205113222154,358.090001,340.5175005,337.1000003333334,313.415999,,,361.5,356.7202313212719
58,2023-12-22,NSE:KODYTECH,400.0,430.0,400.0,428.45001,37600.0,7.112502500000005,4.794338360116883,69.35623148170087,98.86862043795622,147.74434628267656,28.464304014169297,10.354155827430784,35.09381160630023,26.35098742587155,17.624987087521113,8.726000338350438,100.00000000000001,-1.1313795620437808,30.0,67.94617883055697,380.7507794543132,357.73743374788734,342.53605356339784,317.1579593520693,274.8478279585883,236.89720495180143,369.220003,344.790001,340.5466676666666,317.43699940000005,,,361.5,361.9930103136629
59,2023-12-26,NSE:KODYTECH,435.0,514.09998,435.0,513.59998,76800.0,19.873956824041137,7.112502500000005,78.17177387879475,99.77385796235713,209.4222751867711,29.584150629955936,22.15482644417108,68.39343606557375,35.48350952287228,21.19669157459135,14.286817948280934,100.0,-0.22614203764287996,79.09997999999996,73.91147702046933,404.9051795535289,372.58148577189803,353.57243591414635,324.8615680049293,279.57559334554696,239.6504663950671,390.080001,353.65000050000003,346.505,322.93399900000003,,,403.54999,379.14109497435896
60,2023-12-27,NSE:KODYTECH,526.0,564.95001,520.0,564.0,96000.0,9.813088388360148,19.873956824041137,81.55424563752797,99.65066741494144,228.64696203207552,31.217667856444365,37.00959885848655,89.26174496644296,46.25476336499105,26.20830593267129,20.04645743231976,100.0,-0.34933258505856285,44.95001000000002,78.00894440097711,433.83151054379636,390.8118204602887,367.14840779065304,334.2395457302262,285.20775981395195,242.87782493839978,416.680001,365.065,354.368333,329.13499900000005,,,428.975005,404.30344615880693
61,2023-12-28,NSE:KODYTECH,597.0,615.0,524.0,550.34998,84000.0,-2.420216312056745,9.813088388360148,78.02768217368094,79.92235403726707,196.92895943920362,33.19717163452952,44.18390505150889,74.71427936507935,53.077769613203884,31.582198668777814,21.49557094442607,0.0,-20.07764596273293,91.0,67.46592145786515,455.0166868085606,406.00593089264214,378.96786406222384,342.7144647211977,290.4581008077351,245.93724936687343,440.214999,376.4399985,361.5633323333333,335.2509986,,,454.0,424.84074801027896
62,2023-12-29,NSE:KODYTECH,553.40002,575.0,546.0,575.0,10400.0,4.478971726318595,-2.420216312056745,79.73212347879611,87.5776397515528,166.6481005585561,35.035282285608595,43.75,67.29705652321627,59.78493827361899,37.22274658974605,22.56219168387294,48.33150806978083,-12.422360248447205,29.0,71.8578589306502,476.8318346615496,422.10060414096193,391.61509863885453,351.8237013987978,296.09259386104725,249.21150559207868,463.34499800000003,389.319999,369.7716656666666,341.9909986,,,454.0,428.11327758241754
63,2024-01-01,NSE:KODYTECH,584.40002,619.0,584.40002,603.95001,25600.0,5.034784347826091,4.478971726318595,81.54297941047173,95.38343865030676,165.0352855586638,37.09986515124935,40.961604832265024,55.55698905344495,66.66793516398843,43.11178430459453,23.556150859393902,100.0,-4.616561349693245,34.59997999999996,74.74042304376015,499.9442301776315,439.4195951751561,405.3141251782833,361.7110076184528,302.18878031924436,252.74124195434658,484.91499899999997,403.5174995,379.01499966666665,349.16399880000006,,,456.0,434.399875314164
64,2024-01-02,NSE:KODYTECH,635.0,635.0,593.40002,593.40002,13600.0,-1.7468316624417275,5.034784347826091,78.78060233923047,87.3901238978516,143.4431554742568,39.13438765543555,15.537391570770717,41.13450015139731,70.45925335257999,48.58127811419162,21.877975238388373,0.0,-12.6098761021484,41.59997999999996,66.2640592773752,516.9361919635166,454.08439753942696,417.44869903774895,370.7968512412586,307.9553395208435,256.1308815368904,502.2099999999999,417.21750099999997,387.861667,356.04799920000005,,,464.0,437.8458724973768
65,2024-01-03,NSE:KODYTECH,578.0,585.0,578.0,585.0,1600.0,-1.415574606822568,-1.7468316624417275,76.55681527740073,84.375,107.20116756702863,40.48997631776787,3.723404255319149,42.11102009257913,71.95661782110534,53.25634605557437,18.70027176553097,0.0,-15.625,7.0,64.24450273909261,529.3114297883318,466.55255015471965,428.25846039015227,379.19697472199357,313.4413724016188,259.40321107383676,519.545001,431.35750050000007,396.5816673333333,362.97299920000006,,,464.0,440.7153145819993
66,2024-01-04,NSE:KODYTECH,585.0,586.95001,570.0,585.0,8000.0,0.0,-1.415574606822568,76.55681527740073,82.75862068965517,92.18732126343743,41.47070009423025,6.295997321558919,53.26171985167094,72.30974818452421,57.06702648136434,15.242721703159873,0.0,-17.24137931034483,16.95001000000002,58.854371350961664,539.4366243722715,477.83325966379397,438.370817784336,387.2676815956409,318.81877096792334,262.6429801178782,539.875,445.2300010000001,404.8533336666667,369.86299920000005,,,464.0,443.95331537611406
67,2024-01-05,NSE:KODYTECH,556.29999,633.95001,556.29999,633.95001,28800.0,8.367523076923082,0.0,80.31262474933764,99.63793448275864,97.26905083128412,42.82206477109792,10.252175652173918,58.48750250000001,75.66721866088346,60.78706491726817,14.880153743615296,100.0,-0.3620655172413723,77.65002000000004,62.86045844852254,556.6208763045857,492.70152160057546,450.9888301853466,396.94149839581183,325.05899352301395,266.33757743013814,563.2700010000001,460.680001,414.768334,377.84899959999996,,,464.0,452.2841019636617
68,2024-01-08,NSE:KODYTECH,633.95001,681.0,625.0,678.5,22400.0,7.027366400704052,8.367523076923082,82.98447336506749,99.25595238095238,116.68462025924205,44.43582443471022,12.343735204176912,58.36153207231807,80.98925634280727,64.827503202376,16.161753140431273,100.00000000000001,-0.7440476190476191,56.0,73.17202106638707,578.7807169764792,510.3966147814731,465.6669701733888,407.9830082626428,332.0578253344394,270.43869606267407,588.275,478.7475015,425.9516673333333,386.7829996,,,487.0,460.2434572865013
69,2024-01-09,NSE:KODYTECH,693.0,746.34998,678.5,746.34998,43200.0,9.99999705232129,7.027366400704052,86.08242361191606,99.99999999999999,138.7413967294415,46.32831623372811,25.77518618890507,45.31736936594118,89.64852351419705,69.79170726474021,19.85681624945684,99.99999999999999,-0.0,67.84997999999996,76.58437480277068,609.2478557080284,532.8683638499042,483.77555145252506,421.2523012719509,340.2616303773218,275.174131723742,611.55,500.81500050000005,439.616667,397.03899920000003,,,519.67499,481.47865093632964
70,2024-01-10,NSE:KODYTECH,782.20001,783.65002,774.79999,783.65002,32800.0,4.9976607489156875,9.99999705232129,87.43661477941258,100.00000000000001,155.5554934970412,48.271013993172794,33.957268376068384,38.945039007092205,98.3867158164062,75.51070897507341,22.87600684133278,100.0,-0.0,8.85003000000006,80.56321156398299,640.9573401247504,556.7523311022943,503.1222913588138,435.46397651618815,349.041598488662,280.2335932986301,633.515002,525.0975015,454.548334,407.1069996,,,538.32501,501.03353654107264
71,2024-01-11,NSE:KODYTECH,814.79999,814.79999,744.5,744.5,54400.0,-4.995855165039113,4.9976607489156875,78.77296424816996,83.05207529055149,137.3293289294424,50.215502450910165,27.264957264957264,35.277555565642075,100.98858322336321,80.60628382473138,20.38229939863183,0.0,-16.947924709448518,70.29998999999998,73.21198745904925,659.7832782838867,574.6330614735043,518.6950467550193,447.58303626065134,356.87245792453007,284.8531595344647,652.930004,546.5725015,468.6033336666667,415.27099979999997,,,553.899995,524.3464698267974
72,2024-01-12,NSE:KODYTECH,716.54999,750.0,707.29999,732.79999,44800.0,-1.571525856279385,-4.995855165039113,76.3385720324863,78.40968874169796,108.02749224221415,50.927368229672304,15.592708958234727,27.44347652173913,100.94288215219433,84.67360349022398,16.269278661970347,0.0,-21.590311258302034,42.70001000000002,72.36450166925042,673.0590440504527,589.6965784760278,532.5082688998568,458.768014838665,364.31656747057895,289.31034192715657,668.7100029999999,566.0275005000001,482.4500003333334,423.4039998,,,553.899995,544.4280791407264
73,2024-01-15,NSE:KODYTECH,769.40002,769.40002,769.40002,769.40002,10400.0,4.994545646759637,-1.571525856279385,78.56968615556275,84.59973828357323,122.0942525824314,51.72124797018578,13.397202652910838,27.394653077330027,102.67639074712247,88.27416094160368,14.402229805518786,91.64973945867966,-15.400261716426769,0.0,73.05181351079823,690.5755851321885,606.8111919545013,547.7916076805113,470.9496620998939,372.33802197611203,294.08735364927446,685.255004,585.0850015,497.430001,432.1790004,,,553.899995,569.2767054647785
74,2024-01-16,NSE:KODYTECH,807.84998,807.84998,730.95001,730.95001,60800.0,-4.997401741684387,4.994545646759637,70.99588796178013,71.16575554215117,102.59483960188344,51.40901333522509,-2.0633711278454028,23.1799773110894,99.79721416768291,90.57877158681953,9.218442580863382,0.0,-28.834244457848836,76.89996999999994,58.28093199125211,697.9163896536088,618.6339365302631,559.6082787978977,481.14575417440784,379.43924946173354,298.43424575226675,699.0100030000001,600.6100015,511.14833500000003,439.9830006,,,553.899995,599.3008227142857
75,2024-01-17,NSE:KODYTECH,701.0,767.45001,694.40002,767.45001,378400.0,4.993501539181866,-4.997401741684387,73.59773078016649,82.38467940419196,84.29423560071075,50.22516561119145,-2.0672506331334004,31.1880358974359,99.31583976307729,92.32618522207108,6.989654541006217,34.353210262748064,-17.615320595808043,73.04998999999998,62.32255422888631,710.5588660802254,632.8068959083333,573.0174227464205,492.3733720499213,387.1226308585309,303.10106927711985,717.255004,618.4000025,526.6566683333334,448.1170008,,,553.899995,652.4039743039216
76,2024-01-18,NSE:KODYTECH,791.79999,805.79999,775.0,805.70001,87200.0,4.984037983138472,4.993501539181866,76.02492594460637,96.47969825918764,105.24979420312746,49.53346856785641,8.220283411685699,37.726497435897436,100.85817218382113,94.03258261442109,6.825589569400037,100.0,-3.5203017408123634,30.79998999999998,60.8269587277266,727.8572558838207,649.2729067742063,588.0292025692322,504.66069118521847,395.4112918316293,308.10205376192465,739.325005,639.6000025,543.261669,457.0800012,,,559.95,669.8914898348454
77,2024-01-19,NSE:KODYTECH,845.95001,845.95001,845.95001,845.95001,20000.0,4.995655889342735,4.984037983138472,78.28697917523242,100.0,125.43067266148894,49.27280597076229,15.440778049137261,33.44112258946096,104.12799761678207,96.0516656148933,8.076332001888773,100.0,-0.0,0.0,61.80929531509597,749.328665723126,668.0040594623771,604.6692546615398,518.0445860407001,404.3328506072406,313.45377471951747,760.525005,661.8975029999999,560.6283356666667,467.01900140000004,,,580.475005,680.4937287239032
78,2024-01-20,NSE:KODYTECH,888.20001,888.20001,888.20001,888.20001,19200.0,4.99438495189568,4.995655889342735,80.37962477181794,100.00000000000001,138.9823735012785,49.38800203087674,15.440601366243786,30.906412675018423,108.87355318258574,98.61604312843178,10.257510054153954,100.0,-0.0,0.0,73.1988393496129,774.578001046194,688.9751023707221,622.9615614575695,532.5604850194961,413.91437851600807,319.1726427322586,781.495006,684.8850030000001,579.6633363333333,478.2820018,,,616.600005,692.8345292799237
79,2024-01-23,NSE:KODYTECH,932.59998,932.59998,900.0,932.09998,108800.0,4.942577066622634,4.99438495189568,82.28959310872222,99.86712728852318,146.43576401216737,49.82715729173248,27.51897766579139,24.887787898111824,114.85284870357077,101.86340424345958,12.989444460111187,100.0,-0.13287271147681934,32.59997999999996,76.70930476011027,803.2183608559768,712.1298526211295,642.9059755570812,548.2287005089277,424.175479535493,325.27142220755957,800.070006,705.8100029999999,600.5666689999999,490.2270012,,,638.79999,728.1706106165972
80,2024-01-24,NSE:KODYTECH,958.04999,978.70001,951.70001,978.70001,30400.0,4.999466902681412,4.942577066622634,84.06308707355312,100.00000000000001,162.02978441465154,50.53901661482211,27.526222848052345,24.889936198814873,121.94599888435869,105.8799231716394,16.066075712719282,100.0,-0.0,27.0,77.451370144601,835.1241152457992,737.5174866572124,664.5701068114631,565.109928332107,435.1561633070674,331.7731992005192,819.575005,726.5450035,623.2566693333333,503.23900119999996,,,661.850005,750.7374174385446
81,2024-01-25,NSE:KODYTECH,1018.0,1027.3,985.0,1017.5,40000.0,3.9644415657051004,4.999466902681412,85.37617069912358,97.56400695998012,167.8324304342623,51.481592402337576,26.287698569098932,36.668905305574214,129.20876818401473,110.54569217411448,18.66307600990025,100.0,-2.435993040019875,42.299999999999955,87.3393654380549,868.2833670192902,764.1824879279542,687.3397773397559,582.8507154563381,446.68772442969976,338.5963514472802,846.8750050000001,749.9025045000001,646.673336,516.8990011999999,,,686.15,775.841164806559
82,2024-01-29,NSE:KODYTECH,1065.0,1068.35,1064.0,1068.35,18400.0,4.997542997542989,3.9644415657051004,86.89958260623344,100.0,177.36906753662652,52.56893400962685,26.289968363497017,45.79012207683026,137.48291771298727,115.93313728188903,21.54978043109824,100.0,-0.0,4.349999999999909,87.34887344416572,904.6591184703283,793.1508224110062,711.9210820275135,601.8899030855013,458.9978685003988,345.85758178113815,880.4300059999999,774.5700045000001,670.8283356666666,531.6910012,,,706.675,783.0348757284515
83,2024-01-30,NSE:KODYTECH,1121.75,1121.75,1121.75,1121.75,4000.0,4.998361960031834,4.997542997542989,88.28030830114317,99.99999999999999,173.7000041797154,53.82333382581053,26.29475201199333,45.79542121665138,146.6585856606098,122.07822695763318,24.58035870297661,100.0,-0.0,0.0,87.58293288553931,944.1301878393595,824.4459821813866,738.3616573805772,622.2765735527365,472.12167308454934,353.5779043504801,915.6650040000001,800.460004,695.2783356666665,547.5930014,,,760.875,788.854417258567
84,2024-01-31,NSE:KODYTECH,1177.0,1177.8,1177.0,1177.8,4000.0,4.996657009137504,4.998361960031834,89.52790672941042,100.0,167.72307411722792,55.210439776881636,26.3598353472768,61.13277021502468,156.64740145250084,128.9920618566067,27.655339595894134,100.0,-0.0,0.7999999999999545,88.20573736177629,986.6156082322032,858.0987457831593,766.7125181947335,644.0618059624333,486.0955013403008,361.7791192325649,960.3500029999999,829.680003,720.5233353333334,564.5890014,,,806.4,792.8091233228512
85,2024-02-01,NSE:KODYTECH,1236.65,1236.65,1122.0,1185.5,64000.0,0.6537612497877437,4.996657009137504,89.6902765972723,90.56708125650827,145.35512926944023,56.69990834223732,21.130069264022993,54.47260206563812,163.30248617318466,135.8541467199223,27.44833945326235,100.0,-9.432918743491717,114.65000000000009,82.20571583510014,1022.776406735439,889.2798176133347,793.7310654079766,665.2946763168477,499.94509537316617,369.97534690189264,1002.1550019999999,859.705003,746.3183356666667,581.8310015999999,,,878.325,816.1470653333333
86,2024-02-02,NSE:KODYTECH,1180.0,1180.0,1126.25,1126.25,22400.0,-4.997891185153944,0.6537612497877437,79.47844571367004,79.64038652431114,113.53356553082523,58.08298629578188,10.687960687960688,39.78527814589452,161.92909116889768,141.0691356097174,20.859955559180293,0.0,-20.359613475688846,53.75,72.78713601673874,1041.5897873289955,911.8484064120646,815.1838998977846,683.3713556769713,512.3471726925094,377.500467828242,1034.210001,886.767503,771.1366686666667,597.6190014,,,880.325,824.5823865740741
87,2024-02-05,NSE:KODYTECH,1090.0,1182.55,1069.95,1182.55,39200.0,4.998890122086566,-4.997891185153944,81.61990899203296,90.02305172975753,101.2209080442009,58.05060030505171,10.689380820892035,39.78958402045529,163.4988917647538,145.5550868407247,17.94380492402911,20.970414637414276,-9.976948270242469,112.59999999999991,75.63390073358303,1067.2189169055418,937.6295105632965,838.8849386140566,702.9469887876784,525.6185158075092,385.51091093442864,1067.8700000000001,914.1975024999999,797.2216686666667,614.5400014,,,891.325,841.5960328602462
88,2024-02-06,NSE:KODYTECH,1208.0,1212.0,1190.0,1190.0,7200.0,0.6299945034036654,4.998890122086566,81.88922977149446,91.39695680578907,109.75908372913038,58.1890845233836,6.084243369734789,33.97883208760603,163.45985927700872,149.1360413279815,14.323817949027216,100.0,-8.603043194210922,22.0,74.90817691252141,1089.5427501954432,961.6647952715541,861.5375232196014,722.047106874436,538.7745848014199,393.51577749229506,1098.049999,939.7725025,822.6066683333333,631.4800014,,,896.474995,847.6491346402349
89,2024-02-07,NSE:KODYTECH,1200.0,1200.0,1130.5,1130.5,36800.0,-5.0,0.6299945034036654,72.72396284222151,77.00639012238707,82.20685032642837,57.08253666781182,-4.015961962981827,21.2852724232437,156.82004910254147,150.6728428828935,6.147206219647984,0.0,-22.993609877612926,69.5,64.89035729089888,1096.9895228871808,977.7443385790251,878.8899410764013,738.0648673891641,550.4919197558472,400.8489538356553,1117.8900010000002,958.9800035000001,843.1700023333334,647.3620016,,,896.474995,862.9875840226489
90,2024-02-08,NSE:KODYTECH,1074.0,1074.0,1074.0,1074.0,19200.0,-4.997788589119859,-5.0,65.25518529770301,58.36959197260279,43.677812730453766,55.04058364762704,-9.405314213412062,9.737405642817965,145.32367305015225,149.60300891634526,-4.2793358661930085,0.0,-41.6304080273972,0.0,56.3092720971186,1092.8096096349661,986.9115444286417,891.4776868134077,751.2387941582165,560.8584163943453,407.54697419549956,1127.42,973.4975025,860.1700023333334,662.1280014,,,896.474995,869.2987945823983
91,2024-02-09,NSE:KODYTECH,1059.0,1059.0,1020.3,1020.3,16800.0,-5.000000000000004,-4.997788589119859,59.04809064159602,37.910745814628925,21.496514688726077,52.29593185790293,-9.407325194228639,0.2751842751842707,130.37666989742388,145.75774111256098,-15.381071215137098,0.0,-62.089254185371075,38.700000000000045,47.96468629691607,1079.6260442467906,990.0913973401997,899.7888037931879,761.7902139951492,569.9562695350514,413.6440192283802,1127.7,987.2875025,875.835003,676.0770011999999,,,896.474995,877.3102495478036
